model	sample_id	image_id	turn	delta	ok
blip2	0	1	1	0	1
blip2	0	1	2	1	0
blip2	0	1	3	2	0
blip2	0	1	4	3	1
blip2	0	1	5	4	1
blip2	0	1	6	5	0
blip2	0	1	7	6	0
blip2	0	1	8	7	0
blip2	0	1	9	8	0
blip2	0	1	10	9	0
blip2	0	1	11	10	0
blip2	0	1	12	11	0
blip2	1	1	1	0	0
blip2	1	1	2	1	1
blip2	1	1	3	2	0
blip2	1	1	4	3	0
blip2	1	1	5	4	1
blip2	1	1	6	5	1
blip2	1	1	7	6	0
blip2	1	1	8	7	1
blip2	1	1	9	8	1
blip2	1	1	10	9	0
blip2	1	1	11	10	0
blip2	2	1	1	0	0
blip2	2	1	2	1	0
blip2	2	1	3	2	1
blip2	2	1	4	3	1
blip2	2	1	5	4	0
blip2	2	1	6	5	0
blip2	2	1	7	6	0
blip2	2	1	8	7	1
blip2	2	1	9	8	1
blip2	2	1	10	9	0
blip2	2	1	11	10	0
blip2	2	1	12	11	0
blip2	2	1	13	12	0
blip2	2	1	14	13	1
blip2	2	1	15	14	0
blip2	2	1	16	15	1
blip2	2	1	17	16	0
blip2	3	1	1	0	1
blip2	3	1	2	1	0
blip2	3	1	3	2	1
blip2	3	1	4	3	1
blip2	3	1	5	4	0
blip2	3	1	6	5	1
blip2	3	1	7	6	0
blip2	3	1	8	7	1
blip2	3	1	9	8	0
blip2	3	1	10	9	0
blip2	3	1	11	10	0
blip2	3	1	12	11	0
blip2	3	1	13	12	0
blip2	3	1	14	13	0
blip2	3	1	15	14	0
blip2	3	1	16	15	0
blip2	3	1	17	16	1
blip2	3	1	18	17	1
blip2	3	1	19	18	0
blip2	3	1	20	19	0
blip2	4	1	1	0	0
blip2	4	1	2	1	1
blip2	4	1	3	2	0
blip2	4	1	4	3	1
blip2	4	1	5	4	1
blip2	4	1	6	5	0
blip2	4	1	7	6	0
blip2	4	1	8	7	0
blip2	4	1	9	8	0
blip2	4	1	10	9	0
blip2	4	1	11	10	0
blip2	5	1	1	0	1
blip2	5	1	2	1	0
blip2	5	1	3	2	0
blip2	5	1	4	3	1
blip2	5	1	5	4	1
blip2	5	1	6	5	1
blip2	5	1	7	6	0
blip2	5	1	8	7	0
blip2	5	1	9	8	1
blip2	5	1	10	9	0
blip2	5	1	11	10	0
blip2	5	1	12	11	0
blip2	5	1	13	12	0
blip2	5	1	14	13	0
blip2	5	1	15	14	0
blip2	5	1	16	15	0
blip2	6	1	1	0	1
blip2	6	1	2	1	0
blip2	6	1	3	2	0
blip2	6	1	4	3	1
blip2	6	1	5	4	0
blip2	6	1	6	5	0
blip2	6	1	7	6	0
blip2	6	1	8	7	0
blip2	6	1	9	8	0
blip2	6	1	10	9	0
blip2	6	1	11	10	0
blip2	6	1	12	11	0
blip2	6	1	13	12	0
blip2	6	1	14	13	0
blip2	6	1	15	14	0
blip2	7	1	1	0	0
blip2	7	1	2	1	0
blip2	7	1	3	2	1
blip2	7	1	4	3	1
blip2	7	1	5	4	0
blip2	7	1	6	5	0
blip2	7	1	7	6	0
blip2	7	1	8	7	0
blip2	7	1	9	8	1
blip2	7	1	10	9	0
blip2	7	1	11	10	0
blip2	7	1	12	11	0
blip2	7	1	13	12	0
blip2	7	1	14	13	0
blip2	7	1	15	14	0
blip2	7	1	16	15	0
blip2	8	1	1	0	0
blip2	8	1	2	1	0
blip2	8	1	3	2	1
blip2	8	1	4	3	1
blip2	8	1	5	4	1
blip2	8	1	6	5	1
blip2	8	1	7	6	1
blip2	8	1	8	7	0
blip2	8	1	9	8	1
blip2	8	1	10	9	0
blip2	8	1	11	10	1
blip2	8	1	12	11	0
blip2	8	1	13	12	0
blip2	8	1	14	13	0
blip2	8	1	15	14	0
blip2	8	1	16	15	0
blip2	8	1	17	16	0
blip2	8	1	18	17	0
blip2	8	1	19	18	0
blip2	8	1	20	19	0
blip2	9	1	1	0	1
blip2	9	1	2	1	1
blip2	9	1	3	2	1
blip2	9	1	4	3	1
blip2	9	1	5	4	1
blip2	9	1	6	5	1
blip2	9	1	7	6	0
blip2	9	1	8	7	1
blip2	10	1	1	0	1
blip2	10	1	2	1	1
blip2	10	1	3	2	1
blip2	10	1	4	3	1
blip2	10	1	5	4	1
blip2	10	1	6	5	0
blip2	10	1	7	6	0
blip2	10	1	8	7	0
blip2	10	1	9	8	1
blip2	10	1	10	9	0
blip2	10	1	11	10	1
blip2	10	1	12	11	0
blip2	10	1	13	12	1
blip2	10	1	14	13	1
blip2	10	1	15	14	0
blip2	10	1	16	15	0
blip2	11	1	1	0	1
blip2	11	1	2	1	0
blip2	11	1	3	2	0
blip2	11	1	4	3	0
blip2	11	1	5	4	0
blip2	11	1	6	5	0
blip2	11	1	7	6	0
blip2	11	1	8	7	1
blip2	11	1	9	8	0
blip2	11	1	10	9	0
blip2	11	1	11	10	0
blip2	11	1	12	11	0
blip2	11	1	13	12	1
blip2	11	1	14	13	1
blip2	11	1	15	14	1
blip2	11	1	16	15	0
blip2	12	1	1	0	1
blip2	12	1	2	1	1
blip2	12	1	3	2	1
blip2	12	1	4	3	1
blip2	12	1	5	4	0
blip2	12	1	6	5	0
blip2	12	1	7	6	0
blip2	12	1	8	7	0
blip2	12	1	9	8	0
blip2	12	1	10	9	1
blip2	12	1	11	10	0
blip2	12	1	12	11	0
blip2	12	1	13	12	1
blip2	12	1	14	13	0
blip2	12	1	15	14	0
blip2	13	1	1	0	1
blip2	13	1	2	1	0
blip2	13	1	3	2	0
blip2	13	1	4	3	1
blip2	13	1	5	4	1
blip2	13	1	6	5	1
blip2	13	1	7	6	1
blip2	13	1	8	7	1
blip2	13	1	9	8	1
blip2	13	1	10	9	1
blip2	13	1	11	10	1
blip2	13	1	12	11	1
blip2	13	1	13	12	0
blip2	13	1	14	13	1
blip2	13	1	15	14	0
blip2	13	1	16	15	0
blip2	13	1	17	16	0
blip2	13	1	18	17	0
blip2	14	1	1	0	0
blip2	14	1	2	1	1
blip2	14	1	3	2	0
blip2	14	1	4	3	0
blip2	14	1	5	4	0
blip2	14	1	6	5	0
blip2	14	1	7	6	1
blip2	14	1	8	7	0
blip2	14	1	9	8	0
blip2	14	1	10	9	0
blip2	14	1	11	10	0
blip2	14	1	12	11	0
blip2	14	1	13	12	1
blip2	15	1	1	0	0
blip2	15	1	2	1	0
blip2	15	1	3	2	0
blip2	15	1	4	3	1
blip2	15	1	5	4	1
blip2	15	1	6	5	1
blip2	15	1	7	6	0
blip2	15	1	8	7	0
blip2	15	1	9	8	1
blip2	15	1	10	9	1
blip2	15	1	11	10	0
blip2	15	1	12	11	0
blip2	15	1	13	12	0
blip2	15	1	14	13	0
blip2	15	1	15	14	0
blip2	15	1	16	15	0
blip2	15	1	17	16	1
blip2	15	1	18	17	0
blip2	15	1	19	18	0
blip2	15	1	20	19	0
blip2	16	1	1	0	0
blip2	16	1	2	1	1
blip2	16	1	3	2	1
blip2	16	1	4	3	0
blip2	16	1	5	4	1
blip2	16	1	6	5	0
blip2	16	1	7	6	0
blip2	16	1	8	7	1
blip2	16	1	9	8	0
blip2	16	1	10	9	1
blip2	16	1	11	10	1
blip2	16	1	12	11	0
blip2	16	1	13	12	1
blip2	16	1	14	13	0
blip2	16	1	15	14	0
blip2	16	1	16	15	0
blip2	17	1	1	0	1
blip2	17	1	2	1	0
blip2	17	1	3	2	1
blip2	17	1	4	3	1
blip2	17	1	5	4	1
blip2	17	1	6	5	1
blip2	17	1	7	6	0
blip2	17	1	8	7	0
blip2	17	1	9	8	0
blip2	17	1	10	9	1
blip2	17	1	11	10	1
blip2	17	1	12	11	0
blip2	17	1	13	12	0
blip2	17	1	14	13	0
blip2	17	1	15	14	0
blip2	17	1	16	15	1
blip2	17	1	17	16	1
blip2	17	1	18	17	1
blip2	18	1	1	0	0
blip2	18	1	2	1	0
blip2	18	1	3	2	0
blip2	18	1	4	3	0
blip2	18	1	5	4	1
blip2	18	1	6	5	0
blip2	18	1	7	6	0
blip2	18	1	8	7	1
blip2	18	1	9	8	1
blip2	18	1	10	9	0
blip2	18	1	11	10	0
blip2	18	1	12	11	0
blip2	18	1	13	12	0
blip2	18	1	14	13	1
blip2	18	1	15	14	0
blip2	18	1	16	15	0
blip2	19	1	1	0	0
blip2	19	1	2	1	0
blip2	19	1	3	2	1
blip2	19	1	4	3	0
blip2	19	1	5	4	0
blip2	19	1	6	5	1
blip2	19	1	7	6	0
blip2	19	1	8	7	1
blip2	19	1	9	8	0
blip2	19	1	10	9	1
blip2	20	1	1	0	0
blip2	20	1	2	1	0
blip2	20	1	3	2	0
blip2	20	1	4	3	1
blip2	20	1	5	4	0
blip2	20	1	6	5	0
blip2	20	1	7	6	1
blip2	20	1	8	7	0
blip2	20	1	9	8	1
blip2	20	1	10	9	0
blip2	20	1	11	10	0
blip2	20	1	12	11	0
blip2	20	1	13	12	1
blip2	20	1	14	13	0
blip2	20	1	15	14	1
blip2	20	1	16	15	0
blip2	20	1	17	16	1
blip2	20	1	18	17	0
blip2	20	1	19	18	1
blip2	21	1	1	0	0
blip2	21	1	2	1	0
blip2	21	1	3	2	1
blip2	21	1	4	3	1
blip2	21	1	5	4	0
blip2	21	1	6	5	0
blip2	21	1	7	6	0
blip2	21	1	8	7	0
blip2	21	1	9	8	1
blip2	21	1	10	9	0
blip2	21	1	11	10	0
blip2	21	1	12	11	1
blip2	21	1	13	12	0
blip2	21	1	14	13	0
blip2	21	1	15	14	0
blip2	21	1	16	15	1
blip2	22	1	1	0	0
blip2	22	1	2	1	0
blip2	22	1	3	2	0
blip2	22	1	4	3	1
blip2	22	1	5	4	1
blip2	22	1	6	5	0
blip2	22	1	7	6	0
blip2	22	1	8	7	0
blip2	22	1	9	8	0
blip2	22	1	10	9	1
blip2	22	1	11	10	1
blip2	22	1	12	11	0
blip2	22	1	13	12	1
blip2	22	1	14	13	0
blip2	22	1	15	14	1
blip2	22	1	16	15	1
blip2	23	1	1	0	0
blip2	23	1	2	1	1
blip2	23	1	3	2	0
blip2	23	1	4	3	0
blip2	23	1	5	4	1
blip2	23	1	6	5	0
blip2	23	1	7	6	1
blip2	23	1	8	7	1
blip2	23	1	9	8	0
blip2	23	1	10	9	0
blip2	23	1	11	10	0
blip2	23	1	12	11	0
blip2	23	1	13	12	0
blip2	23	1	14	13	0
blip2	23	1	15	14	1
blip2	23	1	16	15	0
blip2	23	1	17	16	0
blip2	23	1	18	17	1
blip2	23	1	19	18	0
blip2	24	1	1	0	0
blip2	24	1	2	1	0
blip2	24	1	3	2	0
blip2	24	1	4	3	0
blip2	24	1	5	4	0
blip2	24	1	6	5	0
blip2	24	1	7	6	0
blip2	24	1	8	7	1
blip2	24	1	9	8	0
blip2	24	1	10	9	1
blip2	25	1	1	0	0
blip2	25	1	2	1	0
blip2	25	1	3	2	0
blip2	25	1	4	3	0
blip2	25	1	5	4	0
blip2	25	1	6	5	0
blip2	25	1	7	6	0
blip2	25	1	8	7	0
blip2	26	1	1	0	0
blip2	26	1	2	1	1
blip2	26	1	3	2	0
blip2	26	1	4	3	1
blip2	26	1	5	4	1
blip2	26	1	6	5	0
blip2	26	1	7	6	0
blip2	26	1	8	7	0
blip2	26	1	9	8	0
blip2	26	1	10	9	0
blip2	26	1	11	10	0
blip2	26	1	12	11	0
blip2	26	1	13	12	0
blip2	27	1	1	0	0
blip2	27	1	2	1	0
blip2	27	1	3	2	0
blip2	27	1	4	3	0
blip2	27	1	5	4	1
blip2	27	1	6	5	0
blip2	27	1	7	6	0
blip2	27	1	8	7	0
blip2	27	1	9	8	0
blip2	27	1	10	9	1
blip2	27	1	11	10	0
blip2	27	1	12	11	0
blip2	27	1	13	12	1
blip2	27	1	14	13	1
blip2	27	1	15	14	0
blip2	27	1	16	15	0
blip2	27	1	17	16	1
blip2	27	1	18	17	1
blip2	28	1	1	0	0
blip2	28	1	2	1	0
blip2	28	1	3	2	0
blip2	28	1	4	3	0
blip2	28	1	5	4	1
blip2	28	1	6	5	0
blip2	28	1	7	6	0
blip2	28	1	8	7	1
blip2	28	1	9	8	1
blip2	28	1	10	9	1
blip2	28	1	11	10	0
blip2	28	1	12	11	0
blip2	28	1	13	12	1
blip2	28	1	14	13	0
blip2	28	1	15	14	1
blip2	28	1	16	15	0
blip2	28	1	17	16	0
blip2	28	1	18	17	1
blip2	28	1	19	18	0
blip2	28	1	20	19	0
blip2	29	1	1	0	1
blip2	29	1	2	1	1
blip2	29	1	3	2	0
blip2	29	1	4	3	1
blip2	29	1	5	4	1
blip2	29	1	6	5	0
blip2	29	1	7	6	1
blip2	29	1	8	7	0
blip2	29	1	9	8	0
blip2	29	1	10	9	0
blip2	30	1	1	0	1
blip2	30	1	2	1	1
blip2	30	1	3	2	1
blip2	30	1	4	3	0
blip2	30	1	5	4	1
blip2	30	1	6	5	0
blip2	30	1	7	6	0
blip2	30	1	8	7	0
blip2	30	1	9	8	0
blip2	30	1	10	9	0
blip2	30	1	11	10	0
blip2	30	1	12	11	0
blip2	30	1	13	12	1
blip2	31	1	1	0	1
blip2	31	1	2	1	0
blip2	31	1	3	2	1
blip2	31	1	4	3	0
blip2	31	1	5	4	1
blip2	31	1	6	5	1
blip2	31	1	7	6	1
blip2	31	1	8	7	1
blip2	31	1	9	8	0
blip2	31	1	10	9	1
blip2	31	1	11	10	0
blip2	31	1	12	11	1
blip2	31	1	13	12	0
blip2	31	1	14	13	0
blip2	31	1	15	14	0
blip2	31	1	16	15	0
blip2	31	1	17	16	0
blip2	32	1	1	0	0
blip2	32	1	2	1	1
blip2	32	1	3	2	0
blip2	32	1	4	3	1
blip2	32	1	5	4	0
blip2	32	1	6	5	1
blip2	32	1	7	6	1
blip2	32	1	8	7	0
blip2	32	1	9	8	1
blip2	32	1	10	9	1
blip2	32	1	11	10	0
blip2	32	1	12	11	1
blip2	32	1	13	12	1
blip2	32	1	14	13	1
blip2	32	1	15	14	0
blip2	32	1	16	15	0
blip2	32	1	17	16	1
blip2	32	1	18	17	1
blip2	32	1	19	18	0
blip2	32	1	20	19	0
blip2	33	1	1	0	1
blip2	33	1	2	1	1
blip2	33	1	3	2	1
blip2	33	1	4	3	1
blip2	33	1	5	4	1
blip2	33	1	6	5	1
blip2	33	1	7	6	0
blip2	33	1	8	7	0
blip2	33	1	9	8	1
blip2	33	1	10	9	0
blip2	33	1	11	10	0
blip2	33	1	12	11	1
blip2	33	1	13	12	0
blip2	33	1	14	13	0
blip2	33	1	15	14	0
blip2	33	1	16	15	0
blip2	33	1	17	16	1
blip2	33	1	18	17	0
blip2	33	1	19	18	0
blip2	33	1	20	19	0
blip2	34	1	1	0	0
blip2	34	1	2	1	0
blip2	34	1	3	2	0
blip2	34	1	4	3	0
blip2	34	1	5	4	1
blip2	34	1	6	5	0
blip2	34	1	7	6	0
blip2	34	1	8	7	0
blip2	34	1	9	8	0
blip2	34	1	10	9	0
blip2	35	1	1	0	0
blip2	35	1	2	1	1
blip2	35	1	3	2	0
blip2	35	1	4	3	0
blip2	35	1	5	4	1
blip2	35	1	6	5	0
blip2	35	1	7	6	0
blip2	35	1	8	7	0
blip2	35	1	9	8	0
blip2	35	1	10	9	0
blip2	35	1	11	10	0
blip2	35	1	12	11	0
blip2	35	1	13	12	0
blip2	35	1	14	13	0
blip2	35	1	15	14	0
blip2	36	1	1	0	0
blip2	36	1	2	1	0
blip2	36	1	3	2	0
blip2	36	1	4	3	0
blip2	36	1	5	4	0
blip2	36	1	6	5	0
blip2	36	1	7	6	0
blip2	36	1	8	7	0
blip2	36	1	9	8	0
blip2	36	1	10	9	0
blip2	37	1	1	0	1
blip2	37	1	2	1	0
blip2	37	1	3	2	1
blip2	37	1	4	3	1
blip2	37	1	5	4	1
blip2	37	1	6	5	0
blip2	37	1	7	6	0
blip2	37	1	8	7	0
blip2	37	1	9	8	0
blip2	37	1	10	9	0
blip2	37	1	11	10	1
blip2	37	1	12	11	1
blip2	37	1	13	12	1
blip2	37	1	14	13	0
blip2	37	1	15	14	0
blip2	37	1	16	15	0
blip2	37	1	17	16	0
blip2	37	1	18	17	0
blip2	37	1	19	18	0
blip2	37	1	20	19	0
blip2	38	1	1	0	0
blip2	38	1	2	1	0
blip2	38	1	3	2	0
blip2	38	1	4	3	1
blip2	38	1	5	4	0
blip2	38	1	6	5	0
blip2	38	1	7	6	0
blip2	38	1	8	7	0
blip2	38	1	9	8	0
blip2	38	1	10	9	0
blip2	39	1	1	0	1
blip2	39	1	2	1	0
blip2	39	1	3	2	0
blip2	39	1	4	3	0
blip2	39	1	5	4	1
blip2	39	1	6	5	1
blip2	39	1	7	6	1
blip2	39	1	8	7	0
blip2	39	1	9	8	1
blip2	39	1	10	9	1
blip2	39	1	11	10	0
blip2	39	1	12	11	1
blip2	39	1	13	12	0
blip2	39	1	14	13	0
blip2	39	1	15	14	0
blip2	39	1	16	15	0
blip2	39	1	17	16	1
blip2	39	1	18	17	1
blip2	39	1	19	18	0
blip2	39	1	20	19	0
blip2	40	1	1	0	0
blip2	40	1	2	1	0
blip2	40	1	3	2	1
blip2	40	1	4	3	0
blip2	40	1	5	4	0
blip2	40	1	6	5	0
blip2	40	1	7	6	0
blip2	40	1	8	7	0
blip2	40	1	9	8	0
blip2	40	1	10	9	0
blip2	40	1	11	10	0
blip2	40	1	12	11	1
blip2	40	1	13	12	1
blip2	40	1	14	13	1
blip2	40	1	15	14	0
blip2	40	1	16	15	0
blip2	40	1	17	16	0
blip2	40	1	18	17	1
blip2	40	1	19	18	0
blip2	40	1	20	19	0
blip2	41	1	1	0	0
blip2	41	1	2	1	1
blip2	41	1	3	2	0
blip2	41	1	4	3	0
blip2	41	1	5	4	1
blip2	41	1	6	5	0
blip2	41	1	7	6	0
blip2	41	1	8	7	0
blip2	41	1	9	8	0
blip2	41	1	10	9	0
blip2	41	1	11	10	0
blip2	41	1	12	11	0
blip2	41	1	13	12	0
blip2	41	1	14	13	1
blip2	41	1	15	14	0
blip2	41	1	16	15	0
blip2	42	1	1	0	0
blip2	42	1	2	1	0
blip2	42	1	3	2	0
blip2	42	1	4	3	1
blip2	42	1	5	4	0
blip2	42	1	6	5	1
blip2	42	1	7	6	0
blip2	42	1	8	7	0
blip2	42	1	9	8	0
blip2	42	1	10	9	1
blip2	42	1	11	10	0
blip2	42	1	12	11	0
blip2	42	1	13	12	0
blip2	42	1	14	13	1
blip2	42	1	15	14	0
blip2	42	1	16	15	0
blip2	42	1	17	16	0
blip2	42	1	18	17	0
blip2	42	1	19	18	0
blip2	43	1	1	0	0
blip2	43	1	2	1	1
blip2	43	1	3	2	0
blip2	43	1	4	3	0
blip2	43	1	5	4	0
blip2	43	1	6	5	0
blip2	43	1	7	6	0
blip2	43	1	8	7	0
blip2	43	1	9	8	1
blip2	43	1	10	9	0
blip2	43	1	11	10	0
blip2	43	1	12	11	0
blip2	43	1	13	12	0
blip2	43	1	14	13	1
blip2	43	1	15	14	0
blip2	43	1	16	15	0
blip2	44	1	1	0	0
blip2	44	1	2	1	0
blip2	44	1	3	2	0
blip2	44	1	4	3	0
blip2	44	1	5	4	0
blip2	44	1	6	5	1
blip2	44	1	7	6	0
blip2	44	1	8	7	0
blip2	44	1	9	8	0
blip2	44	1	10	9	1
blip2	45	1	1	0	1
blip2	45	1	2	1	1
blip2	45	1	3	2	1
blip2	45	1	4	3	1
blip2	45	1	5	4	0
blip2	45	1	6	5	0
blip2	45	1	7	6	1
blip2	45	1	8	7	1
blip2	45	1	9	8	0
blip2	45	1	10	9	0
blip2	45	1	11	10	0
blip2	45	1	12	11	0
blip2	45	1	13	12	0
blip2	46	1	1	0	0
blip2	46	1	2	1	0
blip2	46	1	3	2	0
blip2	46	1	4	3	0
blip2	46	1	5	4	0
blip2	47	1	1	0	0
blip2	47	1	2	1	0
blip2	47	1	3	2	0
blip2	47	1	4	3	0
blip2	47	1	5	4	0
blip2	47	1	6	5	0
blip2	47	1	7	6	1
blip2	47	1	8	7	0
blip2	47	1	9	8	0
blip2	47	1	10	9	0
blip2	48	1	1	0	0
blip2	48	1	2	1	1
blip2	48	1	3	2	0
blip2	48	1	4	3	0
blip2	48	1	5	4	1
blip2	48	1	6	5	0
blip2	48	1	7	6	0
blip2	48	1	8	7	0
blip2	48	1	9	8	0
blip2	48	1	10	9	0
blip2	48	1	11	10	0
blip2	48	1	12	11	0
blip2	48	1	13	12	0
blip2	48	1	14	13	0
blip2	48	1	15	14	0
blip2	48	1	16	15	0
blip2	48	1	17	16	1
blip2	48	1	18	17	0
blip2	48	1	19	18	0
blip2	49	1	1	0	1
blip2	49	1	2	1	0
blip2	49	1	3	2	1
blip2	49	1	4	3	0
blip2	49	1	5	4	0
blip2	49	1	6	5	0
blip2	49	1	7	6	0
blip2	49	1	8	7	0
blip2	49	1	9	8	0
blip2	49	1	10	9	0
blip2	49	1	11	10	0
blip2	49	1	12	11	1
blip2	49	1	13	12	0
blip2	49	1	14	13	0
blip2	49	1	15	14	0
blip2	49	1	16	15	0
blip2	49	1	17	16	0
blip2	49	1	18	17	0
blip2	49	1	19	18	0
blip2	49	1	20	19	0
blip2	50	1	1	0	0
blip2	50	1	2	1	0
blip2	50	1	3	2	0
blip2	50	1	4	3	0
blip2	50	1	5	4	1
blip2	50	1	6	5	0
blip2	50	1	7	6	0
blip2	50	1	8	7	0
blip2	50	1	9	8	0
blip2	50	1	10	9	1
blip2	51	1	1	0	0
blip2	51	1	2	1	0
blip2	51	1	3	2	0
blip2	51	1	4	3	1
blip2	51	1	5	4	0
blip2	51	1	6	5	1
blip2	51	1	7	6	0
blip2	51	1	8	7	0
blip2	51	1	9	8	0
blip2	51	1	10	9	0
blip2	51	1	11	10	0
blip2	51	1	12	11	0
blip2	51	1	13	12	1
blip2	51	1	14	13	0
blip2	51	1	15	14	0
blip2	51	1	16	15	0
blip2	52	1	1	0	1
blip2	52	1	2	1	1
blip2	52	1	3	2	0
blip2	52	1	4	3	1
blip2	52	1	5	4	0
blip2	52	1	6	5	1
blip2	52	1	7	6	0
blip2	52	1	8	7	0
blip2	52	1	9	8	1
blip2	52	1	10	9	1
blip2	52	1	11	10	0
blip2	52	1	12	11	0
blip2	52	1	13	12	0
blip2	52	1	14	13	0
blip2	53	1	1	0	0
blip2	53	1	2	1	0
blip2	53	1	3	2	1
blip2	53	1	4	3	0
blip2	53	1	5	4	0
blip2	53	1	6	5	1
blip2	53	1	7	6	0
blip2	53	1	8	7	0
blip2	53	1	9	8	1
blip2	53	1	10	9	1
blip2	54	1	1	0	0
blip2	54	1	2	1	0
blip2	54	1	3	2	0
blip2	54	1	4	3	0
blip2	54	1	5	4	0
blip2	54	1	6	5	0
blip2	54	1	7	6	0
blip2	54	1	8	7	0
blip2	54	1	9	8	0
blip2	54	1	10	9	0
blip2	54	1	11	10	0
blip2	54	1	12	11	1
blip2	54	1	13	12	0
blip2	54	1	14	13	1
blip2	54	1	15	14	0
blip2	55	1	1	0	0
blip2	55	1	2	1	1
blip2	55	1	3	2	0
blip2	55	1	4	3	1
blip2	55	1	5	4	1
blip2	55	1	6	5	0
blip2	55	1	7	6	0
blip2	55	1	8	7	1
blip2	55	1	9	8	0
blip2	55	1	10	9	0
blip2	55	1	11	10	0
blip2	55	1	12	11	0
blip2	55	1	13	12	0
blip2	55	1	14	13	1
blip2	55	1	15	14	0
blip2	55	1	16	15	0
blip2	55	1	17	16	1
blip2	55	1	18	17	0
blip2	56	1	1	0	1
blip2	56	1	2	1	0
blip2	56	1	3	2	1
blip2	56	1	4	3	0
blip2	56	1	5	4	1
blip2	56	1	6	5	1
blip2	56	1	7	6	1
blip2	56	1	8	7	0
blip2	56	1	9	8	1
blip2	56	1	10	9	0
blip2	56	1	11	10	1
blip2	56	1	12	11	0
blip2	56	1	13	12	0
blip2	56	1	14	13	0
blip2	56	1	15	14	1
blip2	56	1	16	15	0
blip2	56	1	17	16	1
blip2	56	1	18	17	0
blip2	56	1	19	18	0
blip2	56	1	20	19	0
blip2	57	1	1	0	1
blip2	57	1	2	1	1
blip2	57	1	3	2	0
blip2	57	1	4	3	1
blip2	57	1	5	4	1
blip2	57	1	6	5	1
blip2	57	1	7	6	1
blip2	57	1	8	7	1
blip2	57	1	9	8	1
blip2	57	1	10	9	1
blip2	57	1	11	10	0
blip2	57	1	12	11	1
blip2	58	1	1	0	0
blip2	58	1	2	1	0
blip2	58	1	3	2	0
blip2	58	1	4	3	0
blip2	58	1	5	4	1
blip2	58	1	6	5	0
blip2	58	1	7	6	0
blip2	58	1	8	7	0
blip2	58	1	9	8	0
blip2	58	1	10	9	1
blip2	58	1	11	10	0
blip2	58	1	12	11	0
blip2	58	1	13	12	0
blip2	58	1	14	13	0
blip2	58	1	15	14	0
blip2	58	1	16	15	0
blip2	58	1	17	16	0
blip2	58	1	18	17	0
blip2	58	1	19	18	0
blip2	58	1	20	19	0
blip2	59	1	1	0	0
blip2	59	1	2	1	1
blip2	59	1	3	2	1
blip2	59	1	4	3	0
blip2	59	1	5	4	1
blip2	59	1	6	5	1
blip2	59	1	7	6	0
blip2	59	1	8	7	0
blip2	59	1	9	8	1
blip2	59	1	10	9	1
blip2	59	1	11	10	0
blip2	59	1	12	11	0
blip2	59	1	13	12	0
blip2	59	1	14	13	0
blip2	59	1	15	14	1
blip2	59	1	16	15	0
blip2	60	1	1	0	0
blip2	60	1	2	1	1
blip2	60	1	3	2	0
blip2	60	1	4	3	0
blip2	60	1	5	4	0
blip2	60	1	6	5	0
blip2	60	1	7	6	0
blip2	60	1	8	7	0
blip2	60	1	9	8	1
blip2	60	1	10	9	1
blip2	60	1	11	10	1
blip2	60	1	12	11	1
blip2	60	1	13	12	0
blip2	60	1	14	13	1
blip2	60	1	15	14	0
blip2	60	1	16	15	1
blip2	61	1	1	0	0
blip2	61	1	2	1	0
blip2	61	1	3	2	1
blip2	61	1	4	3	1
blip2	61	1	5	4	0
blip2	61	1	6	5	0
blip2	61	1	7	6	0
blip2	61	1	8	7	0
blip2	61	1	9	8	1
blip2	61	1	10	9	0
blip2	61	1	11	10	0
blip2	61	1	12	11	1
blip2	61	1	13	12	0
blip2	61	1	14	13	1
blip2	61	1	15	14	0
blip2	61	1	16	15	0
blip2	62	1	1	0	0
blip2	62	1	2	1	0
blip2	62	1	3	2	0
blip2	62	1	4	3	0
blip2	62	1	5	4	0
blip2	62	1	6	5	0
blip2	62	1	7	6	0
blip2	62	1	8	7	0
blip2	63	1	1	0	0
blip2	63	1	2	1	1
blip2	63	1	3	2	1
blip2	63	1	4	3	1
blip2	63	1	5	4	1
blip2	63	1	6	5	1
blip2	63	1	7	6	0
blip2	63	1	8	7	0
blip2	63	1	9	8	0
blip2	63	1	10	9	0
blip2	63	1	11	10	0
blip2	63	1	12	11	0
blip2	63	1	13	12	0
blip2	63	1	14	13	1
blip2	63	1	15	14	0
blip2	63	1	16	15	0
blip2	64	1	1	0	0
blip2	64	1	2	1	0
blip2	64	1	3	2	0
blip2	64	1	4	3	0
blip2	64	1	5	4	1
blip2	64	1	6	5	0
blip2	64	1	7	6	0
blip2	65	1	1	0	0
blip2	65	1	2	1	0
blip2	65	1	3	2	0
blip2	65	1	4	3	1
blip2	65	1	5	4	0
blip2	65	1	6	5	1
blip2	65	1	7	6	0
blip2	66	1	1	0	0
blip2	66	1	2	1	0
blip2	66	1	3	2	0
blip2	66	1	4	3	0
blip2	66	1	5	4	0
blip2	66	1	6	5	1
blip2	66	1	7	6	0
blip2	66	1	8	7	0
blip2	66	1	9	8	0
blip2	66	1	10	9	1
blip2	67	1	1	0	0
blip2	67	1	2	1	0
blip2	67	1	3	2	1
blip2	67	1	4	3	1
blip2	67	1	5	4	1
blip2	67	1	6	5	1
blip2	67	1	7	6	0
blip2	67	1	8	7	1
blip2	67	1	9	8	1
blip2	67	1	10	9	1
blip2	67	1	11	10	0
blip2	67	1	12	11	0
blip2	67	1	13	12	0
blip2	67	1	14	13	0
blip2	67	1	15	14	0
blip2	68	1	1	0	0
blip2	68	1	2	1	0
blip2	68	1	3	2	0
blip2	68	1	4	3	1
blip2	68	1	5	4	0
blip2	68	1	6	5	0
blip2	68	1	7	6	0
blip2	68	1	8	7	1
blip2	68	1	9	8	0
blip2	68	1	10	9	1
blip2	68	1	11	10	0
blip2	68	1	12	11	0
blip2	68	1	13	12	0
blip2	68	1	14	13	0
blip2	68	1	15	14	0
blip2	69	1	1	0	0
blip2	69	1	2	1	0
blip2	69	1	3	2	0
blip2	69	1	4	3	0
blip2	69	1	5	4	0
blip2	69	1	6	5	1
blip2	69	1	7	6	0
blip2	69	1	8	7	0
blip2	70	1	1	0	0
blip2	70	1	2	1	0
blip2	70	1	3	2	0
blip2	70	1	4	3	0
blip2	70	1	5	4	0
blip2	70	1	6	5	1
blip2	70	1	7	6	0
blip2	70	1	8	7	0
blip2	70	1	9	8	0
blip2	70	1	10	9	1
blip2	70	1	11	10	0
blip2	70	1	12	11	0
blip2	70	1	13	12	1
blip2	70	1	14	13	0
blip2	71	1	1	0	0
blip2	71	1	2	1	0
blip2	71	1	3	2	0
blip2	71	1	4	3	1
blip2	71	1	5	4	0
blip2	71	1	6	5	0
blip2	71	1	7	6	0
blip2	71	1	8	7	0
blip2	71	1	9	8	0
blip2	71	1	10	9	0
blip2	71	1	11	10	0
blip2	71	1	12	11	0
blip2	71	1	13	12	1
blip2	71	1	14	13	1
blip2	71	1	15	14	0
blip2	72	1	1	0	0
blip2	72	1	2	1	0
blip2	72	1	3	2	0
blip2	72	1	4	3	0
blip2	72	1	5	4	0
blip2	72	1	6	5	1
blip2	72	1	7	6	0
blip2	72	1	8	7	0
blip2	72	1	9	8	1
blip2	72	1	10	9	0
blip2	72	1	11	10	0
blip2	72	1	12	11	0
blip2	72	1	13	12	1
blip2	72	1	14	13	1
blip2	72	1	15	14	0
blip2	72	1	16	15	0
blip2	73	1	1	0	0
blip2	73	1	2	1	0
blip2	73	1	3	2	0
blip2	73	1	4	3	0
blip2	73	1	5	4	0
blip2	73	1	6	5	0
blip2	73	1	7	6	0
blip2	74	1	1	0	0
blip2	74	1	2	1	1
blip2	74	1	3	2	0
blip2	74	1	4	3	0
blip2	74	1	5	4	1
blip2	74	1	6	5	0
blip2	74	1	7	6	1
blip2	74	1	8	7	0
blip2	74	1	9	8	1
blip2	74	1	10	9	1
blip2	74	1	11	10	0
blip2	74	1	12	11	1
blip2	74	1	13	12	1
blip2	74	1	14	13	0
blip2	74	1	15	14	0
blip2	74	1	16	15	0
blip2	74	1	17	16	0
blip2	74	1	18	17	0
blip2	74	1	19	18	0
blip2	74	1	20	19	0
blip2	75	1	1	0	1
blip2	75	1	2	1	0
blip2	75	1	3	2	0
blip2	75	1	4	3	1
blip2	75	1	5	4	1
blip2	75	1	6	5	0
blip2	75	1	7	6	0
blip2	75	1	8	7	0
blip2	75	1	9	8	0
blip2	75	1	10	9	0
blip2	75	1	11	10	0
blip2	75	1	12	11	0
blip2	75	1	13	12	0
blip2	75	1	14	13	1
blip2	75	1	15	14	0
blip2	76	1	1	0	1
blip2	76	1	2	1	0
blip2	76	1	3	2	0
blip2	76	1	4	3	0
blip2	76	1	5	4	1
blip2	76	1	6	5	0
blip2	76	1	7	6	0
blip2	76	1	8	7	0
blip2	76	1	9	8	0
blip2	76	1	10	9	0
blip2	76	1	11	10	1
blip2	76	1	12	11	0
blip2	76	1	13	12	0
blip2	76	1	14	13	0
blip2	76	1	15	14	1
blip2	76	1	16	15	0
blip2	76	1	17	16	0
blip2	76	1	18	17	1
blip2	76	1	19	18	0
blip2	76	1	20	19	0
blip2	77	1	1	0	1
blip2	77	1	2	1	1
blip2	77	1	3	2	1
blip2	77	1	4	3	1
blip2	77	1	5	4	0
blip2	77	1	6	5	1
blip2	77	1	7	6	0
blip2	77	1	8	7	1
blip2	77	1	9	8	1
blip2	77	1	10	9	0
blip2	77	1	11	10	1
blip2	77	1	12	11	0
blip2	77	1	13	12	1
blip2	77	1	14	13	1
blip2	77	1	15	14	1
blip2	77	1	16	15	0
blip2	78	1	1	0	0
blip2	78	1	2	1	1
blip2	78	1	3	2	0
blip2	78	1	4	3	1
blip2	78	1	5	4	1
blip2	78	1	6	5	0
blip2	78	1	7	6	0
blip2	78	1	8	7	1
blip2	78	1	9	8	0
blip2	78	1	10	9	0
blip2	78	1	11	10	1
blip2	78	1	12	11	1
blip2	78	1	13	12	1
blip2	78	1	14	13	1
blip2	78	1	15	14	0
blip2	78	1	16	15	0
blip2	78	1	17	16	0
blip2	78	1	18	17	1
blip2	78	1	19	18	0
blip2	78	1	20	19	0
blip2	79	1	1	0	0
blip2	79	1	2	1	0
blip2	79	1	3	2	0
blip2	79	1	4	3	1
blip2	79	1	5	4	1
blip2	79	1	6	5	1
blip2	79	1	7	6	0
blip2	79	1	8	7	0
blip2	79	1	9	8	1
blip2	79	1	10	9	1
blip2	79	1	11	10	0
blip2	79	1	12	11	0
blip2	79	1	13	12	0
blip2	79	1	14	13	0
blip2	79	1	15	14	0
blip2	79	1	16	15	0
blip2	79	1	17	16	0
blip2	79	1	18	17	1
blip2	79	1	19	18	0
blip2	79	1	20	19	0
blip2	80	1	1	0	0
blip2	80	1	2	1	0
blip2	80	1	3	2	0
blip2	80	1	4	3	1
blip2	80	1	5	4	0
blip2	80	1	6	5	0
blip2	80	1	7	6	0
blip2	81	1	1	0	0
blip2	81	1	2	1	1
blip2	81	1	3	2	1
blip2	81	1	4	3	0
blip2	81	1	5	4	0
blip2	81	1	6	5	1
blip2	81	1	7	6	0
blip2	81	1	8	7	0
blip2	81	1	9	8	0
blip2	81	1	10	9	0
blip2	81	1	11	10	1
blip2	81	1	12	11	0
blip2	81	1	13	12	0
blip2	81	1	14	13	0
blip2	81	1	15	14	0
blip2	81	1	16	15	0
blip2	81	1	17	16	0
blip2	81	1	18	17	1
blip2	81	1	19	18	0
blip2	81	1	20	19	0
blip2	82	1	1	0	0
blip2	82	1	2	1	0
blip2	82	1	3	2	0
blip2	82	1	4	3	0
blip2	82	1	5	4	1
blip2	82	1	6	5	0
blip2	82	1	7	6	0
blip2	82	1	8	7	0
blip2	83	1	1	0	0
blip2	83	1	2	1	0
blip2	83	1	3	2	0
blip2	83	1	4	3	0
blip2	83	1	5	4	0
blip2	83	1	6	5	1
blip2	83	1	7	6	0
blip2	84	1	1	0	0
blip2	84	1	2	1	0
blip2	84	1	3	2	0
blip2	84	1	4	3	1
blip2	84	1	5	4	1
blip2	84	1	6	5	0
blip2	84	1	7	6	0
blip2	84	1	8	7	1
blip2	84	1	9	8	1
blip2	84	1	10	9	1
blip2	85	1	1	0	0
blip2	85	1	2	1	0
blip2	85	1	3	2	0
blip2	85	1	4	3	0
blip2	85	1	5	4	0
blip2	85	1	6	5	1
blip2	85	1	7	6	0
blip2	85	1	8	7	0
blip2	85	1	9	8	1
blip2	85	1	10	9	1
blip2	85	1	11	10	0
blip2	85	1	12	11	0
blip2	85	1	13	12	0
blip2	85	1	14	13	0
blip2	85	1	15	14	0
blip2	85	1	16	15	0
blip2	85	1	17	16	0
blip2	85	1	18	17	0
blip2	86	1	1	0	1
blip2	86	1	2	1	1
blip2	86	1	3	2	1
blip2	86	1	4	3	0
blip2	86	1	5	4	1
blip2	86	1	6	5	0
blip2	86	1	7	6	1
blip2	86	1	8	7	0
blip2	86	1	9	8	0
blip2	86	1	10	9	1
blip2	86	1	11	10	0
blip2	86	1	12	11	0
blip2	86	1	13	12	0
blip2	86	1	14	13	0
blip2	86	1	15	14	0
blip2	86	1	16	15	0
blip2	86	1	17	16	0
blip2	87	1	1	0	0
blip2	87	1	2	1	0
blip2	87	1	3	2	0
blip2	87	1	4	3	0
blip2	87	1	5	4	0
blip2	87	1	6	5	0
blip2	88	1	1	0	1
blip2	88	1	2	1	1
blip2	88	1	3	2	1
blip2	88	1	4	3	0
blip2	88	1	5	4	1
blip2	88	1	6	5	1
blip2	88	1	7	6	1
blip2	88	1	8	7	0
blip2	88	1	9	8	1
blip2	88	1	10	9	1
blip2	88	1	11	10	1
blip2	88	1	12	11	1
blip2	88	1	13	12	1
blip2	88	1	14	13	1
blip2	88	1	15	14	0
blip2	88	1	16	15	0
blip2	88	1	17	16	0
blip2	88	1	18	17	0
blip2	88	1	19	18	1
blip2	88	1	20	19	1
blip2	89	1	1	0	0
blip2	89	1	2	1	0
blip2	89	1	3	2	0
blip2	89	1	4	3	1
blip2	89	1	5	4	0
blip2	89	1	6	5	0
blip2	89	1	7	6	0
blip2	89	1	8	7	0
blip2	90	1	1	0	0
blip2	90	1	2	1	1
blip2	90	1	3	2	0
blip2	90	1	4	3	0
blip2	90	1	5	4	0
blip2	90	1	6	5	0
blip2	90	1	7	6	0
blip2	90	1	8	7	0
blip2	90	1	9	8	1
blip2	90	1	10	9	1
blip2	90	1	11	10	0
blip2	90	1	12	11	0
blip2	90	1	13	12	1
blip2	90	1	14	13	1
blip2	90	1	15	14	0
blip2	90	1	16	15	0
blip2	90	1	17	16	0
blip2	90	1	18	17	1
blip2	90	1	19	18	0
blip2	90	1	20	19	1
blip2	91	1	1	0	1
blip2	91	1	2	1	0
blip2	91	1	3	2	1
blip2	91	1	4	3	0
blip2	91	1	5	4	0
blip2	91	1	6	5	0
blip2	91	1	7	6	1
blip2	91	1	8	7	1
blip2	91	1	9	8	1
blip2	91	1	10	9	1
blip2	91	1	11	10	0
blip2	91	1	12	11	1
blip2	91	1	13	12	0
blip2	91	1	14	13	0
blip2	91	1	15	14	0
blip2	91	1	16	15	0
blip2	91	1	17	16	1
blip2	91	1	18	17	0
blip2	91	1	19	18	0
blip2	92	1	1	0	0
blip2	92	1	2	1	0
blip2	92	1	3	2	0
blip2	92	1	4	3	1
blip2	92	1	5	4	1
blip2	92	1	6	5	1
blip2	92	1	7	6	0
blip2	92	1	8	7	0
blip2	92	1	9	8	0
blip2	92	1	10	9	0
blip2	92	1	11	10	0
blip2	92	1	12	11	0
blip2	92	1	13	12	0
blip2	92	1	14	13	1
blip2	92	1	15	14	0
blip2	92	1	16	15	0
blip2	93	1	1	0	1
blip2	93	1	2	1	1
blip2	93	1	3	2	1
blip2	93	1	4	3	1
blip2	93	1	5	4	0
blip2	93	1	6	5	0
blip2	93	1	7	6	0
blip2	93	1	8	7	0
blip2	93	1	9	8	1
blip2	93	1	10	9	0
blip2	93	1	11	10	0
blip2	93	1	12	11	0
blip2	93	1	13	12	0
blip2	93	1	14	13	0
blip2	93	1	15	14	0
blip2	93	1	16	15	0
blip2	93	1	17	16	1
blip2	93	1	18	17	1
blip2	93	1	19	18	0
blip2	94	1	1	0	1
blip2	94	1	2	1	0
blip2	94	1	3	2	0
blip2	94	1	4	3	1
blip2	94	1	5	4	1
blip2	94	1	6	5	0
blip2	94	1	7	6	1
blip2	94	1	8	7	0
blip2	94	1	9	8	1
blip2	94	1	10	9	1
blip2	94	1	11	10	0
blip2	94	1	12	11	0
blip2	94	1	13	12	0
blip2	94	1	14	13	0
blip2	94	1	15	14	0
blip2	95	1	1	0	1
blip2	95	1	2	1	0
blip2	95	1	3	2	0
blip2	95	1	4	3	0
blip2	95	1	5	4	0
blip2	95	1	6	5	0
blip2	95	1	7	6	0
blip2	95	1	8	7	1
blip2	95	1	9	8	0
blip2	95	1	10	9	1
blip2	95	1	11	10	0
blip2	95	1	12	11	0
blip2	95	1	13	12	1
blip2	95	1	14	13	0
blip2	95	1	15	14	0
blip2	96	1	1	0	0
blip2	96	1	2	1	0
blip2	96	1	3	2	1
blip2	96	1	4	3	0
blip2	96	1	5	4	0
blip2	96	1	6	5	1
blip2	96	1	7	6	0
blip2	96	1	8	7	0
blip2	96	1	9	8	1
blip2	96	1	10	9	1
blip2	96	1	11	10	1
blip2	96	1	12	11	1
blip2	96	1	13	12	0
blip2	96	1	14	13	0
blip2	96	1	15	14	0
blip2	96	1	16	15	0
blip2	97	1	1	0	1
blip2	97	1	2	1	0
blip2	97	1	3	2	0
blip2	97	1	4	3	0
blip2	97	1	5	4	0
blip2	97	1	6	5	1
blip2	97	1	7	6	0
blip2	97	1	8	7	0
blip2	97	1	9	8	1
blip2	97	1	10	9	1
blip2	97	1	11	10	1
blip2	97	1	12	11	0
blip2	97	1	13	12	0
blip2	97	1	14	13	0
blip2	97	1	15	14	0
blip2	97	1	16	15	0
blip2	98	1	1	0	0
blip2	98	1	2	1	0
blip2	98	1	3	2	0
blip2	98	1	4	3	0
blip2	98	1	5	4	0
blip2	98	1	6	5	0
blip2	98	1	7	6	0
blip2	98	1	8	7	1
blip2	98	1	9	8	0
blip2	98	1	10	9	0
blip2	98	1	11	10	1
blip2	98	1	12	11	1
blip2	98	1	13	12	0
blip2	98	1	14	13	0
blip2	98	1	15	14	0
blip2	99	1	1	0	1
blip2	99	1	2	1	0
blip2	99	1	3	2	0
blip2	99	1	4	3	1
blip2	99	1	5	4	1
blip2	99	1	6	5	0
blip2	99	1	7	6	1
blip2	99	1	8	7	1
blip2	99	1	9	8	1
blip2	99	1	10	9	1
blip2	99	1	11	10	0
blip2	99	1	12	11	0
blip2	99	1	13	12	1
blip2	99	1	14	13	0
blip2	99	1	15	14	0
blip2	99	1	16	15	0
blip2	99	1	17	16	0
blip2	99	1	18	17	0
blip2	99	1	19	18	0
blip2	100	1	1	0	0
blip2	100	1	2	1	0
blip2	100	1	3	2	0
blip2	100	1	4	3	0
blip2	100	1	5	4	0
blip2	100	1	6	5	0
blip2	100	1	7	6	0
blip2	100	1	8	7	0
blip2	100	1	9	8	0
blip2	100	1	10	9	1
blip2	100	1	11	10	0
blip2	100	1	12	11	0
blip2	100	1	13	12	0
blip2	100	1	14	13	1
blip2	100	1	15	14	0
blip2	100	1	16	15	0
blip2	100	1	17	16	0
blip2	100	1	18	17	1
blip2	100	1	19	18	0
blip2	100	1	20	19	0
blip2	101	1	1	0	0
blip2	101	1	2	1	0
blip2	101	1	3	2	0
blip2	101	1	4	3	0
blip2	101	1	5	4	1
blip2	101	1	6	5	0
blip2	101	1	7	6	0
blip2	101	1	8	7	0
blip2	101	1	9	8	0
blip2	101	1	10	9	0
blip2	102	1	1	0	0
blip2	102	1	2	1	0
blip2	102	1	3	2	0
blip2	102	1	4	3	0
blip2	102	1	5	4	0
blip2	102	1	6	5	0
blip2	102	1	7	6	0
blip2	102	1	8	7	0
blip2	102	1	9	8	1
blip2	102	1	10	9	1
blip2	102	1	11	10	1
blip2	103	1	1	0	0
blip2	103	1	2	1	0
blip2	103	1	3	2	0
blip2	103	1	4	3	1
blip2	103	1	5	4	0
blip2	103	1	6	5	0
blip2	103	1	7	6	0
blip2	103	1	8	7	0
blip2	103	1	9	8	0
blip2	103	1	10	9	0
blip2	103	1	11	10	0
blip2	103	1	12	11	0
blip2	103	1	13	12	0
blip2	103	1	14	13	1
blip2	103	1	15	14	0
blip2	103	1	16	15	0
blip2	103	1	17	16	1
blip2	103	1	18	17	0
blip2	103	1	19	18	0
blip2	103	1	20	19	0
blip2	104	1	1	0	0
blip2	104	1	2	1	0
blip2	104	1	3	2	0
blip2	104	1	4	3	0
blip2	104	1	5	4	1
blip2	104	1	6	5	1
blip2	104	1	7	6	1
blip2	104	1	8	7	0
blip2	104	1	9	8	1
blip2	104	1	10	9	0
blip2	104	1	11	10	0
blip2	104	1	12	11	0
blip2	105	1	1	0	0
blip2	105	1	2	1	1
blip2	105	1	3	2	0
blip2	105	1	4	3	1
blip2	105	1	5	4	1
blip2	105	1	6	5	1
blip2	105	1	7	6	0
blip2	105	1	8	7	0
blip2	105	1	9	8	1
blip2	105	1	10	9	1
blip2	105	1	11	10	0
blip2	105	1	12	11	0
blip2	106	1	1	0	0
blip2	106	1	2	1	1
blip2	106	1	3	2	0
blip2	106	1	4	3	1
blip2	106	1	5	4	1
blip2	106	1	6	5	0
blip2	106	1	7	6	1
blip2	106	1	8	7	0
blip2	106	1	9	8	1
blip2	106	1	10	9	1
blip2	106	1	11	10	0
blip2	107	1	1	0	0
blip2	107	1	2	1	0
blip2	107	1	3	2	0
blip2	107	1	4	3	0
blip2	107	1	5	4	1
blip2	107	1	6	5	0
blip2	107	1	7	6	0
blip2	107	1	8	7	0
blip2	107	1	9	8	0
blip2	107	1	10	9	1
blip2	107	1	11	10	0
blip2	108	1	1	0	0
blip2	108	1	2	1	0
blip2	108	1	3	2	0
blip2	108	1	4	3	1
blip2	108	1	5	4	1
blip2	108	1	6	5	1
blip2	108	1	7	6	0
blip2	108	1	8	7	0
blip2	108	1	9	8	1
blip2	108	1	10	9	0
blip2	108	1	11	10	1
blip2	108	1	12	11	0
blip2	108	1	13	12	0
blip2	108	1	14	13	0
blip2	108	1	15	14	0
blip2	108	1	16	15	0
blip2	108	1	17	16	0
blip2	109	1	1	0	0
blip2	109	1	2	1	0
blip2	109	1	3	2	0
blip2	109	1	4	3	0
blip2	109	1	5	4	1
blip2	109	1	6	5	0
blip2	109	1	7	6	0
blip2	109	1	8	7	0
blip2	109	1	9	8	0
blip2	109	1	10	9	0
blip2	109	1	11	10	0
blip2	109	1	12	11	1
blip2	109	1	13	12	0
blip2	109	1	14	13	1
blip2	109	1	15	14	0
blip2	109	1	16	15	0
blip2	109	1	17	16	0
blip2	109	1	18	17	1
blip2	109	1	19	18	0
llava	0	1	1	0	1
llava	0	1	2	1	0
llava	0	1	3	2	1
llava	0	1	4	3	1
llava	0	1	5	4	1
llava	0	1	6	5	1
llava	0	1	7	6	1
llava	0	1	8	7	1
llava	0	1	9	8	1
llava	0	1	10	9	1
llava	0	1	11	10	1
llava	0	1	12	11	1
llava	1	1	1	0	1
llava	1	1	2	1	1
llava	1	1	3	2	1
llava	1	1	4	3	1
llava	1	1	5	4	1
llava	1	1	6	5	0
llava	1	1	7	6	0
llava	1	1	8	7	1
llava	1	1	9	8	1
llava	1	1	10	9	1
llava	1	1	11	10	1
llava	2	1	1	0	1
llava	2	1	2	1	1
llava	2	1	3	2	0
llava	2	1	4	3	1
llava	2	1	5	4	1
llava	2	1	6	5	1
llava	2	1	7	6	0
llava	2	1	8	7	0
llava	2	1	9	8	1
llava	2	1	10	9	0
llava	2	1	11	10	0
llava	2	1	12	11	0
llava	2	1	13	12	1
llava	2	1	14	13	1
llava	2	1	15	14	0
llava	2	1	16	15	1
llava	2	1	17	16	1
llava	3	1	1	0	1
llava	3	1	2	1	0
llava	3	1	3	2	1
llava	3	1	4	3	1
llava	3	1	5	4	1
llava	3	1	6	5	1
llava	3	1	7	6	1
llava	3	1	8	7	1
llava	3	1	9	8	0
llava	3	1	10	9	0
llava	3	1	11	10	1
llava	3	1	12	11	1
llava	3	1	13	12	0
llava	3	1	14	13	0
llava	3	1	15	14	0
llava	3	1	16	15	1
llava	3	1	17	16	1
llava	3	1	18	17	1
llava	3	1	19	18	0
llava	3	1	20	19	1
llava	4	1	1	0	0
llava	4	1	2	1	0
llava	4	1	3	2	1
llava	4	1	4	3	1
llava	4	1	5	4	1
llava	4	1	6	5	1
llava	4	1	7	6	0
llava	4	1	8	7	0
llava	4	1	9	8	0
llava	4	1	10	9	0
llava	4	1	11	10	0
llava	5	1	1	0	1
llava	5	1	2	1	1
llava	5	1	3	2	1
llava	5	1	4	3	1
llava	5	1	5	4	1
llava	5	1	6	5	1
llava	5	1	7	6	0
llava	5	1	8	7	0
llava	5	1	9	8	1
llava	5	1	10	9	0
llava	5	1	11	10	1
llava	5	1	12	11	1
llava	5	1	13	12	1
llava	5	1	14	13	0
llava	5	1	15	14	0
llava	5	1	16	15	1
llava	6	1	1	0	1
llava	6	1	2	1	1
llava	6	1	3	2	0
llava	6	1	4	3	1
llava	6	1	5	4	0
llava	6	1	6	5	1
llava	6	1	7	6	0
llava	6	1	8	7	0
llava	6	1	9	8	0
llava	6	1	10	9	0
llava	6	1	11	10	0
llava	6	1	12	11	0
llava	6	1	13	12	0
llava	6	1	14	13	1
llava	6	1	15	14	1
llava	7	1	1	0	1
llava	7	1	2	1	1
llava	7	1	3	2	1
llava	7	1	4	3	1
llava	7	1	5	4	1
llava	7	1	6	5	1
llava	7	1	7	6	0
llava	7	1	8	7	0
llava	7	1	9	8	0
llava	7	1	10	9	1
llava	7	1	11	10	0
llava	7	1	12	11	1
llava	7	1	13	12	0
llava	7	1	14	13	0
llava	7	1	15	14	0
llava	7	1	16	15	0
llava	8	1	1	0	1
llava	8	1	2	1	0
llava	8	1	3	2	1
llava	8	1	4	3	1
llava	8	1	5	4	1
llava	8	1	6	5	1
llava	8	1	7	6	1
llava	8	1	8	7	1
llava	8	1	9	8	1
llava	8	1	10	9	1
llava	8	1	11	10	1
llava	8	1	12	11	0
llava	8	1	13	12	0
llava	8	1	14	13	0
llava	8	1	15	14	0
llava	8	1	16	15	0
llava	8	1	17	16	0
llava	8	1	18	17	1
llava	8	1	19	18	0
llava	8	1	20	19	1
llava	9	1	1	0	1
llava	9	1	2	1	1
llava	9	1	3	2	1
llava	9	1	4	3	1
llava	9	1	5	4	1
llava	9	1	6	5	1
llava	9	1	7	6	0
llava	9	1	8	7	1
llava	10	1	1	0	1
llava	10	1	2	1	1
llava	10	1	3	2	1
llava	10	1	4	3	1
llava	10	1	5	4	0
llava	10	1	6	5	1
llava	10	1	7	6	0
llava	10	1	8	7	0
llava	10	1	9	8	1
llava	10	1	10	9	1
llava	10	1	11	10	1
llava	10	1	12	11	0
llava	10	1	13	12	1
llava	10	1	14	13	1
llava	10	1	15	14	0
llava	10	1	16	15	1
llava	11	1	1	0	1
llava	11	1	2	1	0
llava	11	1	3	2	1
llava	11	1	4	3	1
llava	11	1	5	4	1
llava	11	1	6	5	0
llava	11	1	7	6	0
llava	11	1	8	7	0
llava	11	1	9	8	0
llava	11	1	10	9	0
llava	11	1	11	10	0
llava	11	1	12	11	0
llava	11	1	13	12	0
llava	11	1	14	13	1
llava	11	1	15	14	1
llava	11	1	16	15	0
llava	12	1	1	0	1
llava	12	1	2	1	0
llava	12	1	3	2	1
llava	12	1	4	3	1
llava	12	1	5	4	0
llava	12	1	6	5	0
llava	12	1	7	6	0
llava	12	1	8	7	1
llava	12	1	9	8	0
llava	12	1	10	9	0
llava	12	1	11	10	0
llava	12	1	12	11	0
llava	12	1	13	12	1
llava	12	1	14	13	0
llava	12	1	15	14	0
llava	13	1	1	0	0
llava	13	1	2	1	1
llava	13	1	3	2	1
llava	13	1	4	3	1
llava	13	1	5	4	1
llava	13	1	6	5	1
llava	13	1	7	6	1
llava	13	1	8	7	1
llava	13	1	9	8	1
llava	13	1	10	9	1
llava	13	1	11	10	1
llava	13	1	12	11	1
llava	13	1	13	12	0
llava	13	1	14	13	1
llava	13	1	15	14	0
llava	13	1	16	15	0
llava	13	1	17	16	1
llava	13	1	18	17	0
llava	14	1	1	0	1
llava	14	1	2	1	1
llava	14	1	3	2	1
llava	14	1	4	3	0
llava	14	1	5	4	0
llava	14	1	6	5	1
llava	14	1	7	6	1
llava	14	1	8	7	0
llava	14	1	9	8	0
llava	14	1	10	9	0
llava	14	1	11	10	1
llava	14	1	12	11	1
llava	14	1	13	12	1
llava	15	1	1	0	1
llava	15	1	2	1	1
llava	15	1	3	2	1
llava	15	1	4	3	1
llava	15	1	5	4	1
llava	15	1	6	5	1
llava	15	1	7	6	0
llava	15	1	8	7	0
llava	15	1	9	8	1
llava	15	1	10	9	1
llava	15	1	11	10	0
llava	15	1	12	11	1
llava	15	1	13	12	0
llava	15	1	14	13	1
llava	15	1	15	14	0
llava	15	1	16	15	1
llava	15	1	17	16	1
llava	15	1	18	17	0
llava	15	1	19	18	0
llava	15	1	20	19	1
llava	16	1	1	0	1
llava	16	1	2	1	1
llava	16	1	3	2	1
llava	16	1	4	3	1
llava	16	1	5	4	1
llava	16	1	6	5	1
llava	16	1	7	6	1
llava	16	1	8	7	1
llava	16	1	9	8	1
llava	16	1	10	9	1
llava	16	1	11	10	1
llava	16	1	12	11	1
llava	16	1	13	12	1
llava	16	1	14	13	1
llava	16	1	15	14	0
llava	16	1	16	15	0
llava	17	1	1	0	1
llava	17	1	2	1	1
llava	17	1	3	2	1
llava	17	1	4	3	0
llava	17	1	5	4	1
llava	17	1	6	5	1
llava	17	1	7	6	0
llava	17	1	8	7	1
llava	17	1	9	8	1
llava	17	1	10	9	0
llava	17	1	11	10	1
llava	17	1	12	11	1
llava	17	1	13	12	1
llava	17	1	14	13	0
llava	17	1	15	14	1
llava	17	1	16	15	1
llava	17	1	17	16	1
llava	17	1	18	17	1
llava	18	1	1	0	1
llava	18	1	2	1	0
llava	18	1	3	2	1
llava	18	1	4	3	1
llava	18	1	5	4	1
llava	18	1	6	5	1
llava	18	1	7	6	1
llava	18	1	8	7	1
llava	18	1	9	8	1
llava	18	1	10	9	0
llava	18	1	11	10	1
llava	18	1	12	11	0
llava	18	1	13	12	0
llava	18	1	14	13	1
llava	18	1	15	14	0
llava	18	1	16	15	0
llava	19	1	1	0	0
llava	19	1	2	1	0
llava	19	1	3	2	1
llava	19	1	4	3	0
llava	19	1	5	4	1
llava	19	1	6	5	0
llava	19	1	7	6	1
llava	19	1	8	7	0
llava	19	1	9	8	1
llava	19	1	10	9	1
llava	20	1	1	0	0
llava	20	1	2	1	1
llava	20	1	3	2	1
llava	20	1	4	3	1
llava	20	1	5	4	1
llava	20	1	6	5	1
llava	20	1	7	6	0
llava	20	1	8	7	1
llava	20	1	9	8	1
llava	20	1	10	9	1
llava	20	1	11	10	1
llava	20	1	12	11	0
llava	20	1	13	12	0
llava	20	1	14	13	1
llava	20	1	15	14	0
llava	20	1	16	15	1
llava	20	1	17	16	1
llava	20	1	18	17	0
llava	20	1	19	18	0
llava	21	1	1	0	1
llava	21	1	2	1	1
llava	21	1	3	2	1
llava	21	1	4	3	1
llava	21	1	5	4	1
llava	21	1	6	5	1
llava	21	1	7	6	0
llava	21	1	8	7	0
llava	21	1	9	8	0
llava	21	1	10	9	0
llava	21	1	11	10	0
llava	21	1	12	11	1
llava	21	1	13	12	0
llava	21	1	14	13	0
llava	21	1	15	14	0
llava	21	1	16	15	1
llava	22	1	1	0	0
llava	22	1	2	1	0
llava	22	1	3	2	0
llava	22	1	4	3	1
llava	22	1	5	4	0
llava	22	1	6	5	1
llava	22	1	7	6	0
llava	22	1	8	7	0
llava	22	1	9	8	1
llava	22	1	10	9	1
llava	22	1	11	10	0
llava	22	1	12	11	0
llava	22	1	13	12	1
llava	22	1	14	13	0
llava	22	1	15	14	0
llava	22	1	16	15	1
llava	23	1	1	0	1
llava	23	1	2	1	1
llava	23	1	3	2	1
llava	23	1	4	3	0
llava	23	1	5	4	1
llava	23	1	6	5	0
llava	23	1	7	6	1
llava	23	1	8	7	1
llava	23	1	9	8	1
llava	23	1	10	9	0
llava	23	1	11	10	0
llava	23	1	12	11	0
llava	23	1	13	12	0
llava	23	1	14	13	1
llava	23	1	15	14	1
llava	23	1	16	15	0
llava	23	1	17	16	0
llava	23	1	18	17	1
llava	23	1	19	18	0
llava	24	1	1	0	0
llava	24	1	2	1	0
llava	24	1	3	2	1
llava	24	1	4	3	0
llava	24	1	5	4	1
llava	24	1	6	5	0
llava	24	1	7	6	0
llava	24	1	8	7	1
llava	24	1	9	8	1
llava	24	1	10	9	0
llava	25	1	1	0	0
llava	25	1	2	1	1
llava	25	1	3	2	0
llava	25	1	4	3	1
llava	25	1	5	4	1
llava	25	1	6	5	1
llava	25	1	7	6	0
llava	25	1	8	7	1
llava	26	1	1	0	0
llava	26	1	2	1	1
llava	26	1	3	2	1
llava	26	1	4	3	0
llava	26	1	5	4	1
llava	26	1	6	5	1
llava	26	1	7	6	0
llava	26	1	8	7	0
llava	26	1	9	8	0
llava	26	1	10	9	0
llava	26	1	11	10	0
llava	26	1	12	11	0
llava	26	1	13	12	0
llava	27	1	1	0	1
llava	27	1	2	1	0
llava	27	1	3	2	0
llava	27	1	4	3	1
llava	27	1	5	4	1
llava	27	1	6	5	1
llava	27	1	7	6	0
llava	27	1	8	7	0
llava	27	1	9	8	1
llava	27	1	10	9	0
llava	27	1	11	10	1
llava	27	1	12	11	0
llava	27	1	13	12	1
llava	27	1	14	13	0
llava	27	1	15	14	0
llava	27	1	16	15	0
llava	27	1	17	16	0
llava	27	1	18	17	1
llava	28	1	1	0	0
llava	28	1	2	1	0
llava	28	1	3	2	0
llava	28	1	4	3	0
llava	28	1	5	4	1
llava	28	1	6	5	1
llava	28	1	7	6	0
llava	28	1	8	7	1
llava	28	1	9	8	1
llava	28	1	10	9	1
llava	28	1	11	10	0
llava	28	1	12	11	1
llava	28	1	13	12	1
llava	28	1	14	13	1
llava	28	1	15	14	1
llava	28	1	16	15	0
llava	28	1	17	16	0
llava	28	1	18	17	0
llava	28	1	19	18	1
llava	28	1	20	19	0
llava	29	1	1	0	0
llava	29	1	2	1	1
llava	29	1	3	2	0
llava	29	1	4	3	1
llava	29	1	5	4	1
llava	29	1	6	5	1
llava	29	1	7	6	1
llava	29	1	8	7	0
llava	29	1	9	8	0
llava	29	1	10	9	0
llava	30	1	1	0	1
llava	30	1	2	1	1
llava	30	1	3	2	1
llava	30	1	4	3	1
llava	30	1	5	4	1
llava	30	1	6	5	1
llava	30	1	7	6	1
llava	30	1	8	7	1
llava	30	1	9	8	0
llava	30	1	10	9	0
llava	30	1	11	10	0
llava	30	1	12	11	0
llava	30	1	13	12	1
llava	31	1	1	0	1
llava	31	1	2	1	1
llava	31	1	3	2	1
llava	31	1	4	3	1
llava	31	1	5	4	1
llava	31	1	6	5	1
llava	31	1	7	6	1
llava	31	1	8	7	1
llava	31	1	9	8	1
llava	31	1	10	9	1
llava	31	1	11	10	0
llava	31	1	12	11	1
llava	31	1	13	12	0
llava	31	1	14	13	0
llava	31	1	15	14	0
llava	31	1	16	15	0
llava	31	1	17	16	0
llava	32	1	1	0	1
llava	32	1	2	1	1
llava	32	1	3	2	1
llava	32	1	4	3	1
llava	32	1	5	4	0
llava	32	1	6	5	1
llava	32	1	7	6	1
llava	32	1	8	7	1
llava	32	1	9	8	1
llava	32	1	10	9	1
llava	32	1	11	10	1
llava	32	1	12	11	1
llava	32	1	13	12	1
llava	32	1	14	13	1
llava	32	1	15	14	0
llava	32	1	16	15	1
llava	32	1	17	16	1
llava	32	1	18	17	1
llava	32	1	19	18	0
llava	32	1	20	19	0
llava	33	1	1	0	0
llava	33	1	2	1	1
llava	33	1	3	2	1
llava	33	1	4	3	1
llava	33	1	5	4	1
llava	33	1	6	5	1
llava	33	1	7	6	0
llava	33	1	8	7	1
llava	33	1	9	8	1
llava	33	1	10	9	0
llava	33	1	11	10	0
llava	33	1	12	11	0
llava	33	1	13	12	0
llava	33	1	14	13	1
llava	33	1	15	14	0
llava	33	1	16	15	0
llava	33	1	17	16	0
llava	33	1	18	17	1
llava	33	1	19	18	1
llava	33	1	20	19	0
llava	34	1	1	0	0
llava	34	1	2	1	0
llava	34	1	3	2	0
llava	34	1	4	3	0
llava	34	1	5	4	0
llava	34	1	6	5	1
llava	34	1	7	6	1
llava	34	1	8	7	1
llava	34	1	9	8	1
llava	34	1	10	9	0
llava	35	1	1	0	1
llava	35	1	2	1	1
llava	35	1	3	2	1
llava	35	1	4	3	1
llava	35	1	5	4	0
llava	35	1	6	5	0
llava	35	1	7	6	0
llava	35	1	8	7	0
llava	35	1	9	8	1
llava	35	1	10	9	1
llava	35	1	11	10	0
llava	35	1	12	11	0
llava	35	1	13	12	0
llava	35	1	14	13	1
llava	35	1	15	14	0
llava	36	1	1	0	0
llava	36	1	2	1	0
llava	36	1	3	2	0
llava	36	1	4	3	1
llava	36	1	5	4	1
llava	36	1	6	5	0
llava	36	1	7	6	1
llava	36	1	8	7	0
llava	36	1	9	8	1
llava	36	1	10	9	1
llava	37	1	1	0	1
llava	37	1	2	1	1
llava	37	1	3	2	1
llava	37	1	4	3	1
llava	37	1	5	4	1
llava	37	1	6	5	1
llava	37	1	7	6	1
llava	37	1	8	7	1
llava	37	1	9	8	1
llava	37	1	10	9	1
llava	37	1	11	10	1
llava	37	1	12	11	1
llava	37	1	13	12	1
llava	37	1	14	13	0
llava	37	1	15	14	1
llava	37	1	16	15	1
llava	37	1	17	16	1
llava	37	1	18	17	1
llava	37	1	19	18	0
llava	37	1	20	19	0
llava	38	1	1	0	0
llava	38	1	2	1	0
llava	38	1	3	2	1
llava	38	1	4	3	0
llava	38	1	5	4	1
llava	38	1	6	5	1
llava	38	1	7	6	0
llava	38	1	8	7	1
llava	38	1	9	8	0
llava	38	1	10	9	1
llava	39	1	1	0	1
llava	39	1	2	1	0
llava	39	1	3	2	0
llava	39	1	4	3	0
llava	39	1	5	4	1
llava	39	1	6	5	1
llava	39	1	7	6	1
llava	39	1	8	7	1
llava	39	1	9	8	0
llava	39	1	10	9	1
llava	39	1	11	10	1
llava	39	1	12	11	1
llava	39	1	13	12	0
llava	39	1	14	13	1
llava	39	1	15	14	1
llava	39	1	16	15	0
llava	39	1	17	16	1
llava	39	1	18	17	1
llava	39	1	19	18	0
llava	39	1	20	19	0
llava	40	1	1	0	1
llava	40	1	2	1	0
llava	40	1	3	2	1
llava	40	1	4	3	1
llava	40	1	5	4	0
llava	40	1	6	5	0
llava	40	1	7	6	0
llava	40	1	8	7	1
llava	40	1	9	8	1
llava	40	1	10	9	0
llava	40	1	11	10	0
llava	40	1	12	11	1
llava	40	1	13	12	1
llava	40	1	14	13	1
llava	40	1	15	14	0
llava	40	1	16	15	0
llava	40	1	17	16	1
llava	40	1	18	17	0
llava	40	1	19	18	0
llava	40	1	20	19	0
llava	41	1	1	0	1
llava	41	1	2	1	1
llava	41	1	3	2	1
llava	41	1	4	3	0
llava	41	1	5	4	0
llava	41	1	6	5	1
llava	41	1	7	6	0
llava	41	1	8	7	0
llava	41	1	9	8	1
llava	41	1	10	9	0
llava	41	1	11	10	1
llava	41	1	12	11	0
llava	41	1	13	12	0
llava	41	1	14	13	1
llava	41	1	15	14	0
llava	41	1	16	15	1
llava	42	1	1	0	0
llava	42	1	2	1	0
llava	42	1	3	2	1
llava	42	1	4	3	1
llava	42	1	5	4	0
llava	42	1	6	5	1
llava	42	1	7	6	0
llava	42	1	8	7	0
llava	42	1	9	8	0
llava	42	1	10	9	1
llava	42	1	11	10	0
llava	42	1	12	11	0
llava	42	1	13	12	0
llava	42	1	14	13	0
llava	42	1	15	14	0
llava	42	1	16	15	0
llava	42	1	17	16	1
llava	42	1	18	17	1
llava	42	1	19	18	0
llava	43	1	1	0	1
llava	43	1	2	1	1
llava	43	1	3	2	0
llava	43	1	4	3	0
llava	43	1	5	4	0
llava	43	1	6	5	1
llava	43	1	7	6	0
llava	43	1	8	7	1
llava	43	1	9	8	0
llava	43	1	10	9	1
llava	43	1	11	10	0
llava	43	1	12	11	0
llava	43	1	13	12	0
llava	43	1	14	13	0
llava	43	1	15	14	0
llava	43	1	16	15	0
llava	44	1	1	0	0
llava	44	1	2	1	1
llava	44	1	3	2	0
llava	44	1	4	3	0
llava	44	1	5	4	1
llava	44	1	6	5	1
llava	44	1	7	6	1
llava	44	1	8	7	0
llava	44	1	9	8	0
llava	44	1	10	9	1
llava	45	1	1	0	1
llava	45	1	2	1	1
llava	45	1	3	2	1
llava	45	1	4	3	1
llava	45	1	5	4	1
llava	45	1	6	5	1
llava	45	1	7	6	1
llava	45	1	8	7	1
llava	45	1	9	8	0
llava	45	1	10	9	1
llava	45	1	11	10	0
llava	45	1	12	11	1
llava	45	1	13	12	0
llava	46	1	1	0	0
llava	46	1	2	1	0
llava	46	1	3	2	0
llava	46	1	4	3	1
llava	46	1	5	4	1
llava	47	1	1	0	0
llava	47	1	2	1	1
llava	47	1	3	2	0
llava	47	1	4	3	1
llava	47	1	5	4	1
llava	47	1	6	5	0
llava	47	1	7	6	1
llava	47	1	8	7	1
llava	47	1	9	8	1
llava	47	1	10	9	0
llava	48	1	1	0	1
llava	48	1	2	1	1
llava	48	1	3	2	1
llava	48	1	4	3	1
llava	48	1	5	4	1
llava	48	1	6	5	1
llava	48	1	7	6	0
llava	48	1	8	7	1
llava	48	1	9	8	1
llava	48	1	10	9	1
llava	48	1	11	10	0
llava	48	1	12	11	1
llava	48	1	13	12	0
llava	48	1	14	13	0
llava	48	1	15	14	0
llava	48	1	16	15	0
llava	48	1	17	16	1
llava	48	1	18	17	0
llava	48	1	19	18	1
llava	49	1	1	0	0
llava	49	1	2	1	1
llava	49	1	3	2	1
llava	49	1	4	3	1
llava	49	1	5	4	1
llava	49	1	6	5	0
llava	49	1	7	6	1
llava	49	1	8	7	0
llava	49	1	9	8	1
llava	49	1	10	9	1
llava	49	1	11	10	1
llava	49	1	12	11	1
llava	49	1	13	12	1
llava	49	1	14	13	1
llava	49	1	15	14	0
llava	49	1	16	15	0
llava	49	1	17	16	1
llava	49	1	18	17	1
llava	49	1	19	18	1
llava	49	1	20	19	0
llava	50	1	1	0	0
llava	50	1	2	1	0
llava	50	1	3	2	1
llava	50	1	4	3	1
llava	50	1	5	4	1
llava	50	1	6	5	1
llava	50	1	7	6	1
llava	50	1	8	7	0
llava	50	1	9	8	1
llava	50	1	10	9	1
llava	51	1	1	0	1
llava	51	1	2	1	0
llava	51	1	3	2	1
llava	51	1	4	3	1
llava	51	1	5	4	0
llava	51	1	6	5	1
llava	51	1	7	6	0
llava	51	1	8	7	0
llava	51	1	9	8	0
llava	51	1	10	9	0
llava	51	1	11	10	0
llava	51	1	12	11	0
llava	51	1	13	12	1
llava	51	1	14	13	1
llava	51	1	15	14	0
llava	51	1	16	15	0
llava	52	1	1	0	1
llava	52	1	2	1	0
llava	52	1	3	2	0
llava	52	1	4	3	1
llava	52	1	5	4	0
llava	52	1	6	5	1
llava	52	1	7	6	0
llava	52	1	8	7	1
llava	52	1	9	8	1
llava	52	1	10	9	1
llava	52	1	11	10	0
llava	52	1	12	11	0
llava	52	1	13	12	0
llava	52	1	14	13	0
llava	53	1	1	0	0
llava	53	1	2	1	0
llava	53	1	3	2	0
llava	53	1	4	3	1
llava	53	1	5	4	1
llava	53	1	6	5	1
llava	53	1	7	6	1
llava	53	1	8	7	0
llava	53	1	9	8	1
llava	53	1	10	9	1
llava	54	1	1	0	1
llava	54	1	2	1	1
llava	54	1	3	2	1
llava	54	1	4	3	1
llava	54	1	5	4	1
llava	54	1	6	5	1
llava	54	1	7	6	0
llava	54	1	8	7	0
llava	54	1	9	8	0
llava	54	1	10	9	0
llava	54	1	11	10	1
llava	54	1	12	11	0
llava	54	1	13	12	1
llava	54	1	14	13	0
llava	54	1	15	14	0
llava	55	1	1	0	1
llava	55	1	2	1	1
llava	55	1	3	2	1
llava	55	1	4	3	1
llava	55	1	5	4	1
llava	55	1	6	5	0
llava	55	1	7	6	1
llava	55	1	8	7	1
llava	55	1	9	8	1
llava	55	1	10	9	0
llava	55	1	11	10	0
llava	55	1	12	11	0
llava	55	1	13	12	1
llava	55	1	14	13	1
llava	55	1	15	14	0
llava	55	1	16	15	1
llava	55	1	17	16	1
llava	55	1	18	17	1
llava	56	1	1	0	1
llava	56	1	2	1	1
llava	56	1	3	2	1
llava	56	1	4	3	1
llava	56	1	5	4	1
llava	56	1	6	5	1
llava	56	1	7	6	0
llava	56	1	8	7	1
llava	56	1	9	8	1
llava	56	1	10	9	0
llava	56	1	11	10	1
llava	56	1	12	11	1
llava	56	1	13	12	1
llava	56	1	14	13	1
llava	56	1	15	14	1
llava	56	1	16	15	0
llava	56	1	17	16	0
llava	56	1	18	17	1
llava	56	1	19	18	1
llava	56	1	20	19	0
llava	57	1	1	0	1
llava	57	1	2	1	1
llava	57	1	3	2	0
llava	57	1	4	3	1
llava	57	1	5	4	1
llava	57	1	6	5	1
llava	57	1	7	6	1
llava	57	1	8	7	0
llava	57	1	9	8	1
llava	57	1	10	9	1
llava	57	1	11	10	1
llava	57	1	12	11	1
llava	58	1	1	0	1
llava	58	1	2	1	1
llava	58	1	3	2	1
llava	58	1	4	3	1
llava	58	1	5	4	1
llava	58	1	6	5	1
llava	58	1	7	6	0
llava	58	1	8	7	1
llava	58	1	9	8	1
llava	58	1	10	9	1
llava	58	1	11	10	1
llava	58	1	12	11	1
llava	58	1	13	12	0
llava	58	1	14	13	0
llava	58	1	15	14	0
llava	58	1	16	15	0
llava	58	1	17	16	1
llava	58	1	18	17	1
llava	58	1	19	18	1
llava	58	1	20	19	1
llava	59	1	1	0	1
llava	59	1	2	1	1
llava	59	1	3	2	1
llava	59	1	4	3	1
llava	59	1	5	4	1
llava	59	1	6	5	1
llava	59	1	7	6	0
llava	59	1	8	7	0
llava	59	1	9	8	1
llava	59	1	10	9	1
llava	59	1	11	10	1
llava	59	1	12	11	1
llava	59	1	13	12	1
llava	59	1	14	13	0
llava	59	1	15	14	1
llava	59	1	16	15	0
llava	60	1	1	0	1
llava	60	1	2	1	1
llava	60	1	3	2	1
llava	60	1	4	3	1
llava	60	1	5	4	1
llava	60	1	6	5	1
llava	60	1	7	6	0
llava	60	1	8	7	1
llava	60	1	9	8	1
llava	60	1	10	9	1
llava	60	1	11	10	1
llava	60	1	12	11	1
llava	60	1	13	12	0
llava	60	1	14	13	1
llava	60	1	15	14	1
llava	60	1	16	15	1
llava	61	1	1	0	0
llava	61	1	2	1	1
llava	61	1	3	2	0
llava	61	1	4	3	1
llava	61	1	5	4	1
llava	61	1	6	5	0
llava	61	1	7	6	1
llava	61	1	8	7	0
llava	61	1	9	8	1
llava	61	1	10	9	0
llava	61	1	11	10	0
llava	61	1	12	11	1
llava	61	1	13	12	0
llava	61	1	14	13	1
llava	61	1	15	14	0
llava	61	1	16	15	1
llava	62	1	1	0	1
llava	62	1	2	1	1
llava	62	1	3	2	0
llava	62	1	4	3	1
llava	62	1	5	4	1
llava	62	1	6	5	1
llava	62	1	7	6	1
llava	62	1	8	7	1
llava	63	1	1	0	1
llava	63	1	2	1	1
llava	63	1	3	2	1
llava	63	1	4	3	1
llava	63	1	5	4	1
llava	63	1	6	5	1
llava	63	1	7	6	1
llava	63	1	8	7	1
llava	63	1	9	8	0
llava	63	1	10	9	0
llava	63	1	11	10	1
llava	63	1	12	11	1
llava	63	1	13	12	0
llava	63	1	14	13	1
llava	63	1	15	14	0
llava	63	1	16	15	0
llava	64	1	1	0	1
llava	64	1	2	1	0
llava	64	1	3	2	0
llava	64	1	4	3	1
llava	64	1	5	4	1
llava	64	1	6	5	1
llava	64	1	7	6	1
llava	65	1	1	0	1
llava	65	1	2	1	1
llava	65	1	3	2	0
llava	65	1	4	3	1
llava	65	1	5	4	1
llava	65	1	6	5	1
llava	65	1	7	6	0
llava	66	1	1	0	0
llava	66	1	2	1	1
llava	66	1	3	2	0
llava	66	1	4	3	0
llava	66	1	5	4	0
llava	66	1	6	5	1
llava	66	1	7	6	1
llava	66	1	8	7	1
llava	66	1	9	8	1
llava	66	1	10	9	1
llava	67	1	1	0	1
llava	67	1	2	1	0
llava	67	1	3	2	1
llava	67	1	4	3	1
llava	67	1	5	4	1
llava	67	1	6	5	0
llava	67	1	7	6	0
llava	67	1	8	7	1
llava	67	1	9	8	1
llava	67	1	10	9	1
llava	67	1	11	10	0
llava	67	1	12	11	0
llava	67	1	13	12	1
llava	67	1	14	13	1
llava	67	1	15	14	1
llava	68	1	1	0	1
llava	68	1	2	1	1
llava	68	1	3	2	1
llava	68	1	4	3	1
llava	68	1	5	4	1
llava	68	1	6	5	1
llava	68	1	7	6	0
llava	68	1	8	7	1
llava	68	1	9	8	1
llava	68	1	10	9	1
llava	68	1	11	10	0
llava	68	1	12	11	0
llava	68	1	13	12	0
llava	68	1	14	13	0
llava	68	1	15	14	0
llava	69	1	1	0	1
llava	69	1	2	1	1
llava	69	1	3	2	1
llava	69	1	4	3	1
llava	69	1	5	4	1
llava	69	1	6	5	0
llava	69	1	7	6	0
llava	69	1	8	7	1
llava	70	1	1	0	0
llava	70	1	2	1	1
llava	70	1	3	2	1
llava	70	1	4	3	0
llava	70	1	5	4	1
llava	70	1	6	5	1
llava	70	1	7	6	0
llava	70	1	8	7	0
llava	70	1	9	8	1
llava	70	1	10	9	0
llava	70	1	11	10	0
llava	70	1	12	11	0
llava	70	1	13	12	1
llava	70	1	14	13	0
llava	71	1	1	0	0
llava	71	1	2	1	1
llava	71	1	3	2	1
llava	71	1	4	3	1
llava	71	1	5	4	1
llava	71	1	6	5	1
llava	71	1	7	6	1
llava	71	1	8	7	0
llava	71	1	9	8	1
llava	71	1	10	9	0
llava	71	1	11	10	1
llava	71	1	12	11	0
llava	71	1	13	12	1
llava	71	1	14	13	0
llava	71	1	15	14	1
llava	72	1	1	0	1
llava	72	1	2	1	1
llava	72	1	3	2	1
llava	72	1	4	3	1
llava	72	1	5	4	1
llava	72	1	6	5	1
llava	72	1	7	6	1
llava	72	1	8	7	1
llava	72	1	9	8	0
llava	72	1	10	9	1
llava	72	1	11	10	0
llava	72	1	12	11	0
llava	72	1	13	12	0
llava	72	1	14	13	1
llava	72	1	15	14	1
llava	72	1	16	15	0
llava	73	1	1	0	0
llava	73	1	2	1	0
llava	73	1	3	2	0
llava	73	1	4	3	0
llava	73	1	5	4	1
llava	73	1	6	5	1
llava	73	1	7	6	1
llava	74	1	1	0	1
llava	74	1	2	1	1
llava	74	1	3	2	1
llava	74	1	4	3	0
llava	74	1	5	4	1
llava	74	1	6	5	1
llava	74	1	7	6	1
llava	74	1	8	7	1
llava	74	1	9	8	1
llava	74	1	10	9	1
llava	74	1	11	10	0
llava	74	1	12	11	1
llava	74	1	13	12	1
llava	74	1	14	13	1
llava	74	1	15	14	0
llava	74	1	16	15	0
llava	74	1	17	16	0
llava	74	1	18	17	1
llava	74	1	19	18	1
llava	74	1	20	19	0
llava	75	1	1	0	1
llava	75	1	2	1	1
llava	75	1	3	2	1
llava	75	1	4	3	1
llava	75	1	5	4	1
llava	75	1	6	5	1
llava	75	1	7	6	0
llava	75	1	8	7	1
llava	75	1	9	8	0
llava	75	1	10	9	1
llava	75	1	11	10	0
llava	75	1	12	11	1
llava	75	1	13	12	1
llava	75	1	14	13	0
llava	75	1	15	14	1
llava	76	1	1	0	1
llava	76	1	2	1	0
llava	76	1	3	2	0
llava	76	1	4	3	1
llava	76	1	5	4	1
llava	76	1	6	5	0
llava	76	1	7	6	1
llava	76	1	8	7	1
llava	76	1	9	8	1
llava	76	1	10	9	1
llava	76	1	11	10	1
llava	76	1	12	11	0
llava	76	1	13	12	0
llava	76	1	14	13	1
llava	76	1	15	14	0
llava	76	1	16	15	1
llava	76	1	17	16	0
llava	76	1	18	17	0
llava	76	1	19	18	0
llava	76	1	20	19	0
llava	77	1	1	0	1
llava	77	1	2	1	1
llava	77	1	3	2	1
llava	77	1	4	3	1
llava	77	1	5	4	1
llava	77	1	6	5	1
llava	77	1	7	6	0
llava	77	1	8	7	1
llava	77	1	9	8	0
llava	77	1	10	9	1
llava	77	1	11	10	1
llava	77	1	12	11	0
llava	77	1	13	12	1
llava	77	1	14	13	1
llava	77	1	15	14	1
llava	77	1	16	15	1
llava	78	1	1	0	1
llava	78	1	2	1	1
llava	78	1	3	2	1
llava	78	1	4	3	0
llava	78	1	5	4	0
llava	78	1	6	5	1
llava	78	1	7	6	0
llava	78	1	8	7	1
llava	78	1	9	8	0
llava	78	1	10	9	1
llava	78	1	11	10	1
llava	78	1	12	11	1
llava	78	1	13	12	0
llava	78	1	14	13	1
llava	78	1	15	14	0
llava	78	1	16	15	0
llava	78	1	17	16	1
llava	78	1	18	17	1
llava	78	1	19	18	0
llava	78	1	20	19	0
llava	79	1	1	0	1
llava	79	1	2	1	0
llava	79	1	3	2	1
llava	79	1	4	3	1
llava	79	1	5	4	1
llava	79	1	6	5	1
llava	79	1	7	6	1
llava	79	1	8	7	1
llava	79	1	9	8	1
llava	79	1	10	9	1
llava	79	1	11	10	1
llava	79	1	12	11	0
llava	79	1	13	12	1
llava	79	1	14	13	0
llava	79	1	15	14	0
llava	79	1	16	15	0
llava	79	1	17	16	0
llava	79	1	18	17	1
llava	79	1	19	18	0
llava	79	1	20	19	0
llava	80	1	1	0	0
llava	80	1	2	1	1
llava	80	1	3	2	0
llava	80	1	4	3	0
llava	80	1	5	4	1
llava	80	1	6	5	1
llava	80	1	7	6	0
llava	81	1	1	0	1
llava	81	1	2	1	1
llava	81	1	3	2	1
llava	81	1	4	3	1
llava	81	1	5	4	0
llava	81	1	6	5	1
llava	81	1	7	6	1
llava	81	1	8	7	1
llava	81	1	9	8	1
llava	81	1	10	9	1
llava	81	1	11	10	1
llava	81	1	12	11	1
llava	81	1	13	12	1
llava	81	1	14	13	0
llava	81	1	15	14	1
llava	81	1	16	15	0
llava	81	1	17	16	1
llava	81	1	18	17	1
llava	81	1	19	18	1
llava	81	1	20	19	1
llava	82	1	1	0	1
llava	82	1	2	1	0
llava	82	1	3	2	0
llava	82	1	4	3	0
llava	82	1	5	4	0
llava	82	1	6	5	1
llava	82	1	7	6	1
llava	82	1	8	7	0
llava	83	1	1	0	0
llava	83	1	2	1	1
llava	83	1	3	2	1
llava	83	1	4	3	0
llava	83	1	5	4	0
llava	83	1	6	5	0
llava	83	1	7	6	1
llava	84	1	1	0	0
llava	84	1	2	1	0
llava	84	1	3	2	1
llava	84	1	4	3	1
llava	84	1	5	4	1
llava	84	1	6	5	0
llava	84	1	7	6	0
llava	84	1	8	7	0
llava	84	1	9	8	1
llava	84	1	10	9	1
llava	85	1	1	0	1
llava	85	1	2	1	0
llava	85	1	3	2	0
llava	85	1	4	3	1
llava	85	1	5	4	1
llava	85	1	6	5	1
llava	85	1	7	6	0
llava	85	1	8	7	1
llava	85	1	9	8	1
llava	85	1	10	9	1
llava	85	1	11	10	0
llava	85	1	12	11	0
llava	85	1	13	12	1
llava	85	1	14	13	1
llava	85	1	15	14	1
llava	85	1	16	15	0
llava	85	1	17	16	0
llava	85	1	18	17	1
llava	86	1	1	0	1
llava	86	1	2	1	1
llava	86	1	3	2	1
llava	86	1	4	3	0
llava	86	1	5	4	1
llava	86	1	6	5	1
llava	86	1	7	6	1
llava	86	1	8	7	0
llava	86	1	9	8	1
llava	86	1	10	9	0
llava	86	1	11	10	0
llava	86	1	12	11	0
llava	86	1	13	12	0
llava	86	1	14	13	1
llava	86	1	15	14	0
llava	86	1	16	15	0
llava	86	1	17	16	1
llava	87	1	1	0	1
llava	87	1	2	1	0
llava	87	1	3	2	0
llava	87	1	4	3	0
llava	87	1	5	4	0
llava	87	1	6	5	0
llava	88	1	1	0	1
llava	88	1	2	1	1
llava	88	1	3	2	1
llava	88	1	4	3	1
llava	88	1	5	4	1
llava	88	1	6	5	1
llava	88	1	7	6	1
llava	88	1	8	7	1
llava	88	1	9	8	1
llava	88	1	10	9	1
llava	88	1	11	10	1
llava	88	1	12	11	1
llava	88	1	13	12	0
llava	88	1	14	13	1
llava	88	1	15	14	0
llava	88	1	16	15	0
llava	88	1	17	16	0
llava	88	1	18	17	1
llava	88	1	19	18	0
llava	88	1	20	19	0
llava	89	1	1	0	0
llava	89	1	2	1	0
llava	89	1	3	2	0
llava	89	1	4	3	0
llava	89	1	5	4	0
llava	89	1	6	5	1
llava	89	1	7	6	0
llava	89	1	8	7	0
llava	90	1	1	0	0
llava	90	1	2	1	1
llava	90	1	3	2	1
llava	90	1	4	3	1
llava	90	1	5	4	1
llava	90	1	6	5	1
llava	90	1	7	6	0
llava	90	1	8	7	0
llava	90	1	9	8	1
llava	90	1	10	9	1
llava	90	1	11	10	1
llava	90	1	12	11	1
llava	90	1	13	12	0
llava	90	1	14	13	1
llava	90	1	15	14	0
llava	90	1	16	15	1
llava	90	1	17	16	1
llava	90	1	18	17	1
llava	90	1	19	18	0
llava	90	1	20	19	1
llava	91	1	1	0	1
llava	91	1	2	1	1
llava	91	1	3	2	1
llava	91	1	4	3	1
llava	91	1	5	4	1
llava	91	1	6	5	1
llava	91	1	7	6	1
llava	91	1	8	7	1
llava	91	1	9	8	1
llava	91	1	10	9	1
llava	91	1	11	10	1
llava	91	1	12	11	1
llava	91	1	13	12	0
llava	91	1	14	13	0
llava	91	1	15	14	0
llava	91	1	16	15	0
llava	91	1	17	16	0
llava	91	1	18	17	0
llava	91	1	19	18	1
llava	92	1	1	0	0
llava	92	1	2	1	1
llava	92	1	3	2	0
llava	92	1	4	3	1
llava	92	1	5	4	1
llava	92	1	6	5	1
llava	92	1	7	6	0
llava	92	1	8	7	1
llava	92	1	9	8	1
llava	92	1	10	9	1
llava	92	1	11	10	1
llava	92	1	12	11	1
llava	92	1	13	12	1
llava	92	1	14	13	1
llava	92	1	15	14	1
llava	92	1	16	15	1
llava	93	1	1	0	1
llava	93	1	2	1	1
llava	93	1	3	2	1
llava	93	1	4	3	1
llava	93	1	5	4	1
llava	93	1	6	5	1
llava	93	1	7	6	1
llava	93	1	8	7	1
llava	93	1	9	8	1
llava	93	1	10	9	1
llava	93	1	11	10	0
llava	93	1	12	11	1
llava	93	1	13	12	1
llava	93	1	14	13	1
llava	93	1	15	14	0
llava	93	1	16	15	1
llava	93	1	17	16	1
llava	93	1	18	17	1
llava	93	1	19	18	1
llava	94	1	1	0	1
llava	94	1	2	1	0
llava	94	1	3	2	1
llava	94	1	4	3	1
llava	94	1	5	4	1
llava	94	1	6	5	0
llava	94	1	7	6	1
llava	94	1	8	7	0
llava	94	1	9	8	1
llava	94	1	10	9	0
llava	94	1	11	10	1
llava	94	1	12	11	1
llava	94	1	13	12	0
llava	94	1	14	13	0
llava	94	1	15	14	1
llava	95	1	1	0	1
llava	95	1	2	1	0
llava	95	1	3	2	1
llava	95	1	4	3	1
llava	95	1	5	4	1
llava	95	1	6	5	1
llava	95	1	7	6	1
llava	95	1	8	7	1
llava	95	1	9	8	0
llava	95	1	10	9	1
llava	95	1	11	10	1
llava	95	1	12	11	1
llava	95	1	13	12	1
llava	95	1	14	13	1
llava	95	1	15	14	1
llava	96	1	1	0	0
llava	96	1	2	1	0
llava	96	1	3	2	1
llava	96	1	4	3	0
llava	96	1	5	4	0
llava	96	1	6	5	1
llava	96	1	7	6	0
llava	96	1	8	7	1
llava	96	1	9	8	0
llava	96	1	10	9	0
llava	96	1	11	10	1
llava	96	1	12	11	1
llava	96	1	13	12	0
llava	96	1	14	13	1
llava	96	1	15	14	0
llava	96	1	16	15	1
llava	97	1	1	0	1
llava	97	1	2	1	1
llava	97	1	3	2	0
llava	97	1	4	3	1
llava	97	1	5	4	1
llava	97	1	6	5	1
llava	97	1	7	6	1
llava	97	1	8	7	1
llava	97	1	9	8	1
llava	97	1	10	9	1
llava	97	1	11	10	1
llava	97	1	12	11	1
llava	97	1	13	12	1
llava	97	1	14	13	0
llava	97	1	15	14	0
llava	97	1	16	15	0
llava	98	1	1	0	1
llava	98	1	2	1	1
llava	98	1	3	2	0
llava	98	1	4	3	1
llava	98	1	5	4	1
llava	98	1	6	5	0
llava	98	1	7	6	0
llava	98	1	8	7	0
llava	98	1	9	8	1
llava	98	1	10	9	1
llava	98	1	11	10	1
llava	98	1	12	11	1
llava	98	1	13	12	0
llava	98	1	14	13	0
llava	98	1	15	14	1
llava	99	1	1	0	1
llava	99	1	2	1	1
llava	99	1	3	2	1
llava	99	1	4	3	1
llava	99	1	5	4	1
llava	99	1	6	5	1
llava	99	1	7	6	1
llava	99	1	8	7	1
llava	99	1	9	8	1
llava	99	1	10	9	0
llava	99	1	11	10	1
llava	99	1	12	11	0
llava	99	1	13	12	0
llava	99	1	14	13	1
llava	99	1	15	14	0
llava	99	1	16	15	0
llava	99	1	17	16	1
llava	99	1	18	17	1
llava	99	1	19	18	0
llava	100	1	1	0	0
llava	100	1	2	1	0
llava	100	1	3	2	0
llava	100	1	4	3	1
llava	100	1	5	4	1
llava	100	1	6	5	1
llava	100	1	7	6	1
llava	100	1	8	7	0
llava	100	1	9	8	1
llava	100	1	10	9	0
llava	100	1	11	10	0
llava	100	1	12	11	0
llava	100	1	13	12	0
llava	100	1	14	13	0
llava	100	1	15	14	0
llava	100	1	16	15	0
llava	100	1	17	16	0
llava	100	1	18	17	0
llava	100	1	19	18	1
llava	100	1	20	19	1
llava	101	1	1	0	1
llava	101	1	2	1	1
llava	101	1	3	2	1
llava	101	1	4	3	0
llava	101	1	5	4	1
llava	101	1	6	5	1
llava	101	1	7	6	1
llava	101	1	8	7	1
llava	101	1	9	8	0
llava	101	1	10	9	1
llava	102	1	1	0	0
llava	102	1	2	1	0
llava	102	1	3	2	1
llava	102	1	4	3	1
llava	102	1	5	4	0
llava	102	1	6	5	0
llava	102	1	7	6	0
llava	102	1	8	7	1
llava	102	1	9	8	1
llava	102	1	10	9	1
llava	102	1	11	10	1
llava	103	1	1	0	0
llava	103	1	2	1	0
llava	103	1	3	2	1
llava	103	1	4	3	1
llava	103	1	5	4	1
llava	103	1	6	5	0
llava	103	1	7	6	1
llava	103	1	8	7	0
llava	103	1	9	8	0
llava	103	1	10	9	0
llava	103	1	11	10	0
llava	103	1	12	11	0
llava	103	1	13	12	0
llava	103	1	14	13	0
llava	103	1	15	14	0
llava	103	1	16	15	0
llava	103	1	17	16	1
llava	103	1	18	17	1
llava	103	1	19	18	0
llava	103	1	20	19	1
llava	104	1	1	0	1
llava	104	1	2	1	0
llava	104	1	3	2	1
llava	104	1	4	3	0
llava	104	1	5	4	0
llava	104	1	6	5	1
llava	104	1	7	6	0
llava	104	1	8	7	0
llava	104	1	9	8	1
llava	104	1	10	9	1
llava	104	1	11	10	0
llava	104	1	12	11	0
llava	105	1	1	0	1
llava	105	1	2	1	1
llava	105	1	3	2	0
llava	105	1	4	3	1
llava	105	1	5	4	1
llava	105	1	6	5	1
llava	105	1	7	6	0
llava	105	1	8	7	0
llava	105	1	9	8	1
llava	105	1	10	9	1
llava	105	1	11	10	0
llava	105	1	12	11	1
llava	106	1	1	0	1
llava	106	1	2	1	0
llava	106	1	3	2	0
llava	106	1	4	3	1
llava	106	1	5	4	0
llava	106	1	6	5	1
llava	106	1	7	6	1
llava	106	1	8	7	0
llava	106	1	9	8	1
llava	106	1	10	9	1
llava	106	1	11	10	0
llava	107	1	1	0	0
llava	107	1	2	1	0
llava	107	1	3	2	0
llava	107	1	4	3	0
llava	107	1	5	4	1
llava	107	1	6	5	1
llava	107	1	7	6	1
llava	107	1	8	7	1
llava	107	1	9	8	1
llava	107	1	10	9	0
llava	107	1	11	10	0
llava	108	1	1	0	1
llava	108	1	2	1	0
llava	108	1	3	2	0
llava	108	1	4	3	1
llava	108	1	5	4	0
llava	108	1	6	5	1
llava	108	1	7	6	1
llava	108	1	8	7	0
llava	108	1	9	8	1
llava	108	1	10	9	0
llava	108	1	11	10	1
llava	108	1	12	11	0
llava	108	1	13	12	1
llava	108	1	14	13	0
llava	108	1	15	14	0
llava	108	1	16	15	1
llava	108	1	17	16	0
llava	109	1	1	0	0
llava	109	1	2	1	0
llava	109	1	3	2	0
llava	109	1	4	3	0
llava	109	1	5	4	1
llava	109	1	6	5	1
llava	109	1	7	6	0
llava	109	1	8	7	1
llava	109	1	9	8	0
llava	109	1	10	9	0
llava	109	1	11	10	0
llava	109	1	12	11	1
llava	109	1	13	12	1
llava	109	1	14	13	0
llava	109	1	15	14	1
llava	109	1	16	15	0
llava	109	1	17	16	0
llava	109	1	18	17	1
llava	109	1	19	18	0
qwen	0	1	1	0	1
qwen	0	1	2	1	1
qwen	0	1	3	2	1
qwen	0	1	4	3	1
qwen	0	1	5	4	1
qwen	0	1	6	5	1
qwen	0	1	7	6	1
qwen	0	1	8	7	0
qwen	0	1	9	8	1
qwen	0	1	10	9	1
qwen	0	1	11	10	1
qwen	0	1	12	11	1
qwen	1	1	1	0	1
qwen	1	1	2	1	1
qwen	1	1	3	2	1
qwen	1	1	4	3	0
qwen	1	1	5	4	1
qwen	1	1	6	5	0
qwen	1	1	7	6	0
qwen	1	1	8	7	1
qwen	1	1	9	8	1
qwen	1	1	10	9	1
qwen	1	1	11	10	1
qwen	2	1	1	0	1
qwen	2	1	2	1	1
qwen	2	1	3	2	1
qwen	2	1	4	3	1
qwen	2	1	5	4	1
qwen	2	1	6	5	1
qwen	2	1	7	6	1
qwen	2	1	8	7	1
qwen	2	1	9	8	1
qwen	2	1	10	9	1
qwen	2	1	11	10	0
qwen	2	1	12	11	1
qwen	2	1	13	12	1
qwen	2	1	14	13	1
qwen	2	1	15	14	1
qwen	2	1	16	15	1
qwen	2	1	17	16	1
qwen	3	1	1	0	1
qwen	3	1	2	1	0
qwen	3	1	3	2	1
qwen	3	1	4	3	1
qwen	3	1	5	4	1
qwen	3	1	6	5	1
qwen	3	1	7	6	1
qwen	3	1	8	7	0
qwen	3	1	9	8	1
qwen	3	1	10	9	1
qwen	3	1	11	10	1
qwen	3	1	12	11	0
qwen	3	1	13	12	0
qwen	3	1	14	13	0
qwen	3	1	15	14	1
qwen	3	1	16	15	0
qwen	3	1	17	16	1
qwen	3	1	18	17	1
qwen	3	1	19	18	1
qwen	3	1	20	19	1
qwen	4	1	1	0	1
qwen	4	1	2	1	1
qwen	4	1	3	2	1
qwen	4	1	4	3	1
qwen	4	1	5	4	1
qwen	4	1	6	5	1
qwen	4	1	7	6	1
qwen	4	1	8	7	0
qwen	4	1	9	8	0
qwen	4	1	10	9	0
qwen	4	1	11	10	0
qwen	5	1	1	0	1
qwen	5	1	2	1	1
qwen	5	1	3	2	0
qwen	5	1	4	3	1
qwen	5	1	5	4	1
qwen	5	1	6	5	1
qwen	5	1	7	6	0
qwen	5	1	8	7	0
qwen	5	1	9	8	1
qwen	5	1	10	9	0
qwen	5	1	11	10	1
qwen	5	1	12	11	1
qwen	5	1	13	12	1
qwen	5	1	14	13	1
qwen	5	1	15	14	0
qwen	5	1	16	15	1
qwen	6	1	1	0	1
qwen	6	1	2	1	1
qwen	6	1	3	2	0
qwen	6	1	4	3	1
qwen	6	1	5	4	1
qwen	6	1	6	5	1
qwen	6	1	7	6	0
qwen	6	1	8	7	0
qwen	6	1	9	8	1
qwen	6	1	10	9	1
qwen	6	1	11	10	0
qwen	6	1	12	11	0
qwen	6	1	13	12	1
qwen	6	1	14	13	1
qwen	6	1	15	14	0
qwen	7	1	1	0	1
qwen	7	1	2	1	1
qwen	7	1	3	2	1
qwen	7	1	4	3	1
qwen	7	1	5	4	1
qwen	7	1	6	5	0
qwen	7	1	7	6	0
qwen	7	1	8	7	0
qwen	7	1	9	8	1
qwen	7	1	10	9	1
qwen	7	1	11	10	0
qwen	7	1	12	11	0
qwen	7	1	13	12	0
qwen	7	1	14	13	1
qwen	7	1	15	14	1
qwen	7	1	16	15	0
qwen	8	1	1	0	1
qwen	8	1	2	1	1
qwen	8	1	3	2	1
qwen	8	1	4	3	1
qwen	8	1	5	4	1
qwen	8	1	6	5	1
qwen	8	1	7	6	1
qwen	8	1	8	7	1
qwen	8	1	9	8	1
qwen	8	1	10	9	1
qwen	8	1	11	10	1
qwen	8	1	12	11	1
qwen	8	1	13	12	0
qwen	8	1	14	13	0
qwen	8	1	15	14	0
qwen	8	1	16	15	0
qwen	8	1	17	16	0
qwen	8	1	18	17	1
qwen	8	1	19	18	1
qwen	8	1	20	19	1
qwen	9	1	1	0	1
qwen	9	1	2	1	1
qwen	9	1	3	2	1
qwen	9	1	4	3	1
qwen	9	1	5	4	1
qwen	9	1	6	5	1
qwen	9	1	7	6	0
qwen	9	1	8	7	0
qwen	10	1	1	0	1
qwen	10	1	2	1	1
qwen	10	1	3	2	1
qwen	10	1	4	3	1
qwen	10	1	5	4	1
qwen	10	1	6	5	1
qwen	10	1	7	6	1
qwen	10	1	8	7	1
qwen	10	1	9	8	1
qwen	10	1	10	9	1
qwen	10	1	11	10	1
qwen	10	1	12	11	0
qwen	10	1	13	12	0
qwen	10	1	14	13	1
qwen	10	1	15	14	1
qwen	10	1	16	15	1
qwen	11	1	1	0	1
qwen	11	1	2	1	0
qwen	11	1	3	2	1
qwen	11	1	4	3	1
qwen	11	1	5	4	1
qwen	11	1	6	5	1
qwen	11	1	7	6	0
qwen	11	1	8	7	1
qwen	11	1	9	8	1
qwen	11	1	10	9	0
qwen	11	1	11	10	1
qwen	11	1	12	11	0
qwen	11	1	13	12	0
qwen	11	1	14	13	1
qwen	11	1	15	14	1
qwen	11	1	16	15	0
qwen	12	1	1	0	1
qwen	12	1	2	1	1
qwen	12	1	3	2	1
qwen	12	1	4	3	1
qwen	12	1	5	4	0
qwen	12	1	6	5	1
qwen	12	1	7	6	0
qwen	12	1	8	7	1
qwen	12	1	9	8	0
qwen	12	1	10	9	1
qwen	12	1	11	10	0
qwen	12	1	12	11	0
qwen	12	1	13	12	1
qwen	12	1	14	13	0
qwen	12	1	15	14	0
qwen	13	1	1	0	1
qwen	13	1	2	1	1
qwen	13	1	3	2	1
qwen	13	1	4	3	1
qwen	13	1	5	4	1
qwen	13	1	6	5	1
qwen	13	1	7	6	1
qwen	13	1	8	7	1
qwen	13	1	9	8	1
qwen	13	1	10	9	1
qwen	13	1	11	10	1
qwen	13	1	12	11	1
qwen	13	1	13	12	0
qwen	13	1	14	13	1
qwen	13	1	15	14	0
qwen	13	1	16	15	1
qwen	13	1	17	16	0
qwen	13	1	18	17	1
qwen	14	1	1	0	1
qwen	14	1	2	1	1
qwen	14	1	3	2	1
qwen	14	1	4	3	0
qwen	14	1	5	4	0
qwen	14	1	6	5	0
qwen	14	1	7	6	1
qwen	14	1	8	7	0
qwen	14	1	9	8	0
qwen	14	1	10	9	0
qwen	14	1	11	10	1
qwen	14	1	12	11	1
qwen	14	1	13	12	1
qwen	15	1	1	0	0
qwen	15	1	2	1	1
qwen	15	1	3	2	1
qwen	15	1	4	3	1
qwen	15	1	5	4	1
qwen	15	1	6	5	1
qwen	15	1	7	6	0
qwen	15	1	8	7	0
qwen	15	1	9	8	0
qwen	15	1	10	9	0
qwen	15	1	11	10	0
qwen	15	1	12	11	1
qwen	15	1	13	12	1
qwen	15	1	14	13	0
qwen	15	1	15	14	0
qwen	15	1	16	15	0
qwen	15	1	17	16	1
qwen	15	1	18	17	0
qwen	15	1	19	18	1
qwen	15	1	20	19	0
qwen	16	1	1	0	1
qwen	16	1	2	1	1
qwen	16	1	3	2	1
qwen	16	1	4	3	1
qwen	16	1	5	4	1
qwen	16	1	6	5	1
qwen	16	1	7	6	1
qwen	16	1	8	7	1
qwen	16	1	9	8	1
qwen	16	1	10	9	1
qwen	16	1	11	10	1
qwen	16	1	12	11	1
qwen	16	1	13	12	1
qwen	16	1	14	13	1
qwen	16	1	15	14	0
qwen	16	1	16	15	0
qwen	17	1	1	0	1
qwen	17	1	2	1	1
qwen	17	1	3	2	1
qwen	17	1	4	3	1
qwen	17	1	5	4	1
qwen	17	1	6	5	1
qwen	17	1	7	6	0
qwen	17	1	8	7	0
qwen	17	1	9	8	0
qwen	17	1	10	9	0
qwen	17	1	11	10	1
qwen	17	1	12	11	1
qwen	17	1	13	12	0
qwen	17	1	14	13	1
qwen	17	1	15	14	1
qwen	17	1	16	15	1
qwen	17	1	17	16	1
qwen	17	1	18	17	1
qwen	18	1	1	0	1
qwen	18	1	2	1	0
qwen	18	1	3	2	0
qwen	18	1	4	3	0
qwen	18	1	5	4	1
qwen	18	1	6	5	1
qwen	18	1	7	6	1
qwen	18	1	8	7	1
qwen	18	1	9	8	1
qwen	18	1	10	9	0
qwen	18	1	11	10	1
qwen	18	1	12	11	0
qwen	18	1	13	12	0
qwen	18	1	14	13	1
qwen	18	1	15	14	0
qwen	18	1	16	15	0
qwen	19	1	1	0	0
qwen	19	1	2	1	0
qwen	19	1	3	2	1
qwen	19	1	4	3	1
qwen	19	1	5	4	1
qwen	19	1	6	5	1
qwen	19	1	7	6	1
qwen	19	1	8	7	0
qwen	19	1	9	8	1
qwen	19	1	10	9	0
qwen	20	1	1	0	1
qwen	20	1	2	1	1
qwen	20	1	3	2	0
qwen	20	1	4	3	1
qwen	20	1	5	4	0
qwen	20	1	6	5	1
qwen	20	1	7	6	1
qwen	20	1	8	7	1
qwen	20	1	9	8	1
qwen	20	1	10	9	0
qwen	20	1	11	10	0
qwen	20	1	12	11	0
qwen	20	1	13	12	1
qwen	20	1	14	13	0
qwen	20	1	15	14	0
qwen	20	1	16	15	1
qwen	20	1	17	16	1
qwen	20	1	18	17	0
qwen	20	1	19	18	0
qwen	21	1	1	0	1
qwen	21	1	2	1	1
qwen	21	1	3	2	1
qwen	21	1	4	3	1
qwen	21	1	5	4	1
qwen	21	1	6	5	1
qwen	21	1	7	6	0
qwen	21	1	8	7	0
qwen	21	1	9	8	0
qwen	21	1	10	9	0
qwen	21	1	11	10	0
qwen	21	1	12	11	0
qwen	21	1	13	12	1
qwen	21	1	14	13	1
qwen	21	1	15	14	1
qwen	21	1	16	15	1
qwen	22	1	1	0	0
qwen	22	1	2	1	1
qwen	22	1	3	2	1
qwen	22	1	4	3	1
qwen	22	1	5	4	1
qwen	22	1	6	5	1
qwen	22	1	7	6	0
qwen	22	1	8	7	0
qwen	22	1	9	8	0
qwen	22	1	10	9	1
qwen	22	1	11	10	0
qwen	22	1	12	11	0
qwen	22	1	13	12	1
qwen	22	1	14	13	0
qwen	22	1	15	14	0
qwen	22	1	16	15	1
qwen	23	1	1	0	1
qwen	23	1	2	1	1
qwen	23	1	3	2	1
qwen	23	1	4	3	1
qwen	23	1	5	4	1
qwen	23	1	6	5	1
qwen	23	1	7	6	1
qwen	23	1	8	7	1
qwen	23	1	9	8	1
qwen	23	1	10	9	0
qwen	23	1	11	10	0
qwen	23	1	12	11	0
qwen	23	1	13	12	0
qwen	23	1	14	13	1
qwen	23	1	15	14	1
qwen	23	1	16	15	0
qwen	23	1	17	16	1
qwen	23	1	18	17	1
qwen	23	1	19	18	0
qwen	24	1	1	0	0
qwen	24	1	2	1	0
qwen	24	1	3	2	1
qwen	24	1	4	3	0
qwen	24	1	5	4	1
qwen	24	1	6	5	0
qwen	24	1	7	6	0
qwen	24	1	8	7	1
qwen	24	1	9	8	1
qwen	24	1	10	9	1
qwen	25	1	1	0	1
qwen	25	1	2	1	1
qwen	25	1	3	2	1
qwen	25	1	4	3	1
qwen	25	1	5	4	1
qwen	25	1	6	5	1
qwen	25	1	7	6	1
qwen	25	1	8	7	1
qwen	26	1	1	0	1
qwen	26	1	2	1	1
qwen	26	1	3	2	1
qwen	26	1	4	3	1
qwen	26	1	5	4	1
qwen	26	1	6	5	1
qwen	26	1	7	6	0
qwen	26	1	8	7	0
qwen	26	1	9	8	1
qwen	26	1	10	9	0
qwen	26	1	11	10	0
qwen	26	1	12	11	0
qwen	26	1	13	12	0
qwen	27	1	1	0	1
qwen	27	1	2	1	0
qwen	27	1	3	2	1
qwen	27	1	4	3	1
qwen	27	1	5	4	1
qwen	27	1	6	5	1
qwen	27	1	7	6	0
qwen	27	1	8	7	0
qwen	27	1	9	8	0
qwen	27	1	10	9	0
qwen	27	1	11	10	1
qwen	27	1	12	11	0
qwen	27	1	13	12	1
qwen	27	1	14	13	0
qwen	27	1	15	14	0
qwen	27	1	16	15	0
qwen	27	1	17	16	0
qwen	27	1	18	17	1
qwen	28	1	1	0	1
qwen	28	1	2	1	1
qwen	28	1	3	2	1
qwen	28	1	4	3	1
qwen	28	1	5	4	1
qwen	28	1	6	5	0
qwen	28	1	7	6	1
qwen	28	1	8	7	1
qwen	28	1	9	8	1
qwen	28	1	10	9	1
qwen	28	1	11	10	1
qwen	28	1	12	11	1
qwen	28	1	13	12	1
qwen	28	1	14	13	1
qwen	28	1	15	14	1
qwen	28	1	16	15	0
qwen	28	1	17	16	0
qwen	28	1	18	17	1
qwen	28	1	19	18	1
qwen	28	1	20	19	0
qwen	29	1	1	0	0
qwen	29	1	2	1	1
qwen	29	1	3	2	0
qwen	29	1	4	3	1
qwen	29	1	5	4	1
qwen	29	1	6	5	1
qwen	29	1	7	6	1
qwen	29	1	8	7	1
qwen	29	1	9	8	1
qwen	29	1	10	9	1
qwen	30	1	1	0	0
qwen	30	1	2	1	1
qwen	30	1	3	2	1
qwen	30	1	4	3	0
qwen	30	1	5	4	1
qwen	30	1	6	5	1
qwen	30	1	7	6	1
qwen	30	1	8	7	0
qwen	30	1	9	8	1
qwen	30	1	10	9	0
qwen	30	1	11	10	1
qwen	30	1	12	11	1
qwen	30	1	13	12	1
qwen	31	1	1	0	1
qwen	31	1	2	1	1
qwen	31	1	3	2	1
qwen	31	1	4	3	0
qwen	31	1	5	4	1
qwen	31	1	6	5	1
qwen	31	1	7	6	1
qwen	31	1	8	7	1
qwen	31	1	9	8	1
qwen	31	1	10	9	1
qwen	31	1	11	10	0
qwen	31	1	12	11	1
qwen	31	1	13	12	0
qwen	31	1	14	13	1
qwen	31	1	15	14	0
qwen	31	1	16	15	0
qwen	31	1	17	16	1
qwen	32	1	1	0	1
qwen	32	1	2	1	1
qwen	32	1	3	2	1
qwen	32	1	4	3	1
qwen	32	1	5	4	0
qwen	32	1	6	5	1
qwen	32	1	7	6	1
qwen	32	1	8	7	1
qwen	32	1	9	8	1
qwen	32	1	10	9	1
qwen	32	1	11	10	1
qwen	32	1	12	11	1
qwen	32	1	13	12	1
qwen	32	1	14	13	1
qwen	32	1	15	14	1
qwen	32	1	16	15	0
qwen	32	1	17	16	0
qwen	32	1	18	17	1
qwen	32	1	19	18	0
qwen	32	1	20	19	1
qwen	33	1	1	0	1
qwen	33	1	2	1	1
qwen	33	1	3	2	1
qwen	33	1	4	3	1
qwen	33	1	5	4	1
qwen	33	1	6	5	1
qwen	33	1	7	6	1
qwen	33	1	8	7	1
qwen	33	1	9	8	1
qwen	33	1	10	9	0
qwen	33	1	11	10	0
qwen	33	1	12	11	1
qwen	33	1	13	12	0
qwen	33	1	14	13	1
qwen	33	1	15	14	0
qwen	33	1	16	15	0
qwen	33	1	17	16	0
qwen	33	1	18	17	1
qwen	33	1	19	18	1
qwen	33	1	20	19	0
qwen	34	1	1	0	0
qwen	34	1	2	1	0
qwen	34	1	3	2	0
qwen	34	1	4	3	0
qwen	34	1	5	4	0
qwen	34	1	6	5	1
qwen	34	1	7	6	1
qwen	34	1	8	7	0
qwen	34	1	9	8	0
qwen	34	1	10	9	0
qwen	35	1	1	0	1
qwen	35	1	2	1	1
qwen	35	1	3	2	1
qwen	35	1	4	3	1
qwen	35	1	5	4	1
qwen	35	1	6	5	0
qwen	35	1	7	6	0
qwen	35	1	8	7	0
qwen	35	1	9	8	0
qwen	35	1	10	9	0
qwen	35	1	11	10	0
qwen	35	1	12	11	0
qwen	35	1	13	12	0
qwen	35	1	14	13	0
qwen	35	1	15	14	0
qwen	36	1	1	0	0
qwen	36	1	2	1	0
qwen	36	1	3	2	0
qwen	36	1	4	3	1
qwen	36	1	5	4	1
qwen	36	1	6	5	0
qwen	36	1	7	6	1
qwen	36	1	8	7	0
qwen	36	1	9	8	1
qwen	36	1	10	9	0
qwen	37	1	1	0	1
qwen	37	1	2	1	1
qwen	37	1	3	2	1
qwen	37	1	4	3	1
qwen	37	1	5	4	0
qwen	37	1	6	5	0
qwen	37	1	7	6	1
qwen	37	1	8	7	1
qwen	37	1	9	8	1
qwen	37	1	10	9	1
qwen	37	1	11	10	1
qwen	37	1	12	11	1
qwen	37	1	13	12	1
qwen	37	1	14	13	0
qwen	37	1	15	14	1
qwen	37	1	16	15	1
qwen	37	1	17	16	1
qwen	37	1	18	17	1
qwen	37	1	19	18	0
qwen	37	1	20	19	1
qwen	38	1	1	0	0
qwen	38	1	2	1	0
qwen	38	1	3	2	1
qwen	38	1	4	3	0
qwen	38	1	5	4	1
qwen	38	1	6	5	0
qwen	38	1	7	6	0
qwen	38	1	8	7	1
qwen	38	1	9	8	1
qwen	38	1	10	9	1
qwen	39	1	1	0	1
qwen	39	1	2	1	1
qwen	39	1	3	2	0
qwen	39	1	4	3	0
qwen	39	1	5	4	1
qwen	39	1	6	5	1
qwen	39	1	7	6	1
qwen	39	1	8	7	1
qwen	39	1	9	8	1
qwen	39	1	10	9	1
qwen	39	1	11	10	1
qwen	39	1	12	11	1
qwen	39	1	13	12	0
qwen	39	1	14	13	1
qwen	39	1	15	14	1
qwen	39	1	16	15	0
qwen	39	1	17	16	0
qwen	39	1	18	17	1
qwen	39	1	19	18	0
qwen	39	1	20	19	1
qwen	40	1	1	0	1
qwen	40	1	2	1	1
qwen	40	1	3	2	1
qwen	40	1	4	3	1
qwen	40	1	5	4	1
qwen	40	1	6	5	1
qwen	40	1	7	6	1
qwen	40	1	8	7	1
qwen	40	1	9	8	1
qwen	40	1	10	9	1
qwen	40	1	11	10	1
qwen	40	1	12	11	1
qwen	40	1	13	12	1
qwen	40	1	14	13	1
qwen	40	1	15	14	0
qwen	40	1	16	15	1
qwen	40	1	17	16	1
qwen	40	1	18	17	0
qwen	40	1	19	18	0
qwen	40	1	20	19	1
qwen	41	1	1	0	1
qwen	41	1	2	1	1
qwen	41	1	3	2	1
qwen	41	1	4	3	1
qwen	41	1	5	4	1
qwen	41	1	6	5	1
qwen	41	1	7	6	0
qwen	41	1	8	7	1
qwen	41	1	9	8	0
qwen	41	1	10	9	0
qwen	41	1	11	10	1
qwen	41	1	12	11	0
qwen	41	1	13	12	0
qwen	41	1	14	13	0
qwen	41	1	15	14	0
qwen	41	1	16	15	0
qwen	42	1	1	0	1
qwen	42	1	2	1	1
qwen	42	1	3	2	1
qwen	42	1	4	3	1
qwen	42	1	5	4	1
qwen	42	1	6	5	1
qwen	42	1	7	6	0
qwen	42	1	8	7	0
qwen	42	1	9	8	0
qwen	42	1	10	9	1
qwen	42	1	11	10	0
qwen	42	1	12	11	0
qwen	42	1	13	12	0
qwen	42	1	14	13	0
qwen	42	1	15	14	0
qwen	42	1	16	15	0
qwen	42	1	17	16	1
qwen	42	1	18	17	0
qwen	42	1	19	18	0
qwen	43	1	1	0	1
qwen	43	1	2	1	1
qwen	43	1	3	2	1
qwen	43	1	4	3	0
qwen	43	1	5	4	1
qwen	43	1	6	5	1
qwen	43	1	7	6	1
qwen	43	1	8	7	1
qwen	43	1	9	8	1
qwen	43	1	10	9	0
qwen	43	1	11	10	0
qwen	43	1	12	11	1
qwen	43	1	13	12	0
qwen	43	1	14	13	1
qwen	43	1	15	14	1
qwen	43	1	16	15	1
qwen	44	1	1	0	1
qwen	44	1	2	1	0
qwen	44	1	3	2	0
qwen	44	1	4	3	0
qwen	44	1	5	4	0
qwen	44	1	6	5	0
qwen	44	1	7	6	1
qwen	44	1	8	7	0
qwen	44	1	9	8	1
qwen	44	1	10	9	1
qwen	45	1	1	0	1
qwen	45	1	2	1	1
qwen	45	1	3	2	1
qwen	45	1	4	3	1
qwen	45	1	5	4	1
qwen	45	1	6	5	1
qwen	45	1	7	6	1
qwen	45	1	8	7	1
qwen	45	1	9	8	1
qwen	45	1	10	9	1
qwen	45	1	11	10	1
qwen	45	1	12	11	1
qwen	45	1	13	12	1
qwen	46	1	1	0	0
qwen	46	1	2	1	0
qwen	46	1	3	2	0
qwen	46	1	4	3	1
qwen	46	1	5	4	0
qwen	47	1	1	0	0
qwen	47	1	2	1	1
qwen	47	1	3	2	1
qwen	47	1	4	3	1
qwen	47	1	5	4	1
qwen	47	1	6	5	1
qwen	47	1	7	6	1
qwen	47	1	8	7	1
qwen	47	1	9	8	0
qwen	47	1	10	9	1
qwen	48	1	1	0	1
qwen	48	1	2	1	1
qwen	48	1	3	2	1
qwen	48	1	4	3	1
qwen	48	1	5	4	1
qwen	48	1	6	5	1
qwen	48	1	7	6	1
qwen	48	1	8	7	1
qwen	48	1	9	8	1
qwen	48	1	10	9	0
qwen	48	1	11	10	0
qwen	48	1	12	11	1
qwen	48	1	13	12	1
qwen	48	1	14	13	0
qwen	48	1	15	14	0
qwen	48	1	16	15	0
qwen	48	1	17	16	1
qwen	48	1	18	17	0
qwen	48	1	19	18	1
qwen	49	1	1	0	1
qwen	49	1	2	1	1
qwen	49	1	3	2	1
qwen	49	1	4	3	1
qwen	49	1	5	4	1
qwen	49	1	6	5	1
qwen	49	1	7	6	1
qwen	49	1	8	7	1
qwen	49	1	9	8	1
qwen	49	1	10	9	1
qwen	49	1	11	10	0
qwen	49	1	12	11	1
qwen	49	1	13	12	0
qwen	49	1	14	13	1
qwen	49	1	15	14	0
qwen	49	1	16	15	1
qwen	49	1	17	16	1
qwen	49	1	18	17	0
qwen	49	1	19	18	1
qwen	49	1	20	19	0
qwen	50	1	1	0	0
qwen	50	1	2	1	0
qwen	50	1	3	2	1
qwen	50	1	4	3	1
qwen	50	1	5	4	1
qwen	50	1	6	5	0
qwen	50	1	7	6	1
qwen	50	1	8	7	1
qwen	50	1	9	8	1
qwen	50	1	10	9	0
qwen	51	1	1	0	1
qwen	51	1	2	1	1
qwen	51	1	3	2	1
qwen	51	1	4	3	1
qwen	51	1	5	4	1
qwen	51	1	6	5	1
qwen	51	1	7	6	0
qwen	51	1	8	7	0
qwen	51	1	9	8	1
qwen	51	1	10	9	1
qwen	51	1	11	10	0
qwen	51	1	12	11	1
qwen	51	1	13	12	1
qwen	51	1	14	13	0
qwen	51	1	15	14	0
qwen	51	1	16	15	1
qwen	52	1	1	0	1
qwen	52	1	2	1	0
qwen	52	1	3	2	1
qwen	52	1	4	3	1
qwen	52	1	5	4	1
qwen	52	1	6	5	1
qwen	52	1	7	6	0
qwen	52	1	8	7	0
qwen	52	1	9	8	0
qwen	52	1	10	9	1
qwen	52	1	11	10	0
qwen	52	1	12	11	0
qwen	52	1	13	12	1
qwen	52	1	14	13	0
qwen	53	1	1	0	1
qwen	53	1	2	1	0
qwen	53	1	3	2	1
qwen	53	1	4	3	1
qwen	53	1	5	4	1
qwen	53	1	6	5	1
qwen	53	1	7	6	0
qwen	53	1	8	7	1
qwen	53	1	9	8	1
qwen	53	1	10	9	1
qwen	54	1	1	0	1
qwen	54	1	2	1	1
qwen	54	1	3	2	1
qwen	54	1	4	3	1
qwen	54	1	5	4	1
qwen	54	1	6	5	1
qwen	54	1	7	6	0
qwen	54	1	8	7	0
qwen	54	1	9	8	1
qwen	54	1	10	9	0
qwen	54	1	11	10	1
qwen	54	1	12	11	0
qwen	54	1	13	12	0
qwen	54	1	14	13	1
qwen	54	1	15	14	0
qwen	55	1	1	0	1
qwen	55	1	2	1	0
qwen	55	1	3	2	1
qwen	55	1	4	3	1
qwen	55	1	5	4	1
qwen	55	1	6	5	0
qwen	55	1	7	6	1
qwen	55	1	8	7	1
qwen	55	1	9	8	1
qwen	55	1	10	9	1
qwen	55	1	11	10	0
qwen	55	1	12	11	0
qwen	55	1	13	12	1
qwen	55	1	14	13	1
qwen	55	1	15	14	0
qwen	55	1	16	15	1
qwen	55	1	17	16	1
qwen	55	1	18	17	0
qwen	56	1	1	0	1
qwen	56	1	2	1	1
qwen	56	1	3	2	1
qwen	56	1	4	3	1
qwen	56	1	5	4	1
qwen	56	1	6	5	1
qwen	56	1	7	6	1
qwen	56	1	8	7	1
qwen	56	1	9	8	1
qwen	56	1	10	9	1
qwen	56	1	11	10	1
qwen	56	1	12	11	1
qwen	56	1	13	12	1
qwen	56	1	14	13	1
qwen	56	1	15	14	1
qwen	56	1	16	15	1
qwen	56	1	17	16	1
qwen	56	1	18	17	1
qwen	56	1	19	18	1
qwen	56	1	20	19	1
qwen	57	1	1	0	1
qwen	57	1	2	1	1
qwen	57	1	3	2	0
qwen	57	1	4	3	1
qwen	57	1	5	4	1
qwen	57	1	6	5	1
qwen	57	1	7	6	1
qwen	57	1	8	7	1
qwen	57	1	9	8	1
qwen	57	1	10	9	0
qwen	57	1	11	10	1
qwen	57	1	12	11	0
qwen	58	1	1	0	0
qwen	58	1	2	1	0
qwen	58	1	3	2	1
qwen	58	1	4	3	1
qwen	58	1	5	4	1
qwen	58	1	6	5	0
qwen	58	1	7	6	0
qwen	58	1	8	7	0
qwen	58	1	9	8	1
qwen	58	1	10	9	1
qwen	58	1	11	10	1
qwen	58	1	12	11	1
qwen	58	1	13	12	0
qwen	58	1	14	13	0
qwen	58	1	15	14	0
qwen	58	1	16	15	1
qwen	58	1	17	16	1
qwen	58	1	18	17	1
qwen	58	1	19	18	1
qwen	58	1	20	19	1
qwen	59	1	1	0	1
qwen	59	1	2	1	1
qwen	59	1	3	2	1
qwen	59	1	4	3	0
qwen	59	1	5	4	1
qwen	59	1	6	5	1
qwen	59	1	7	6	1
qwen	59	1	8	7	0
qwen	59	1	9	8	1
qwen	59	1	10	9	1
qwen	59	1	11	10	1
qwen	59	1	12	11	1
qwen	59	1	13	12	0
qwen	59	1	14	13	0
qwen	59	1	15	14	1
qwen	59	1	16	15	1
qwen	60	1	1	0	1
qwen	60	1	2	1	1
qwen	60	1	3	2	1
qwen	60	1	4	3	1
qwen	60	1	5	4	1
qwen	60	1	6	5	1
qwen	60	1	7	6	0
qwen	60	1	8	7	1
qwen	60	1	9	8	1
qwen	60	1	10	9	1
qwen	60	1	11	10	1
qwen	60	1	12	11	1
qwen	60	1	13	12	1
qwen	60	1	14	13	1
qwen	60	1	15	14	1
qwen	60	1	16	15	1
qwen	61	1	1	0	0
qwen	61	1	2	1	1
qwen	61	1	3	2	0
qwen	61	1	4	3	1
qwen	61	1	5	4	1
qwen	61	1	6	5	0
qwen	61	1	7	6	1
qwen	61	1	8	7	0
qwen	61	1	9	8	1
qwen	61	1	10	9	0
qwen	61	1	11	10	0
qwen	61	1	12	11	1
qwen	61	1	13	12	1
qwen	61	1	14	13	1
qwen	61	1	15	14	0
qwen	61	1	16	15	1
qwen	62	1	1	0	1
qwen	62	1	2	1	0
qwen	62	1	3	2	0
qwen	62	1	4	3	0
qwen	62	1	5	4	1
qwen	62	1	6	5	1
qwen	62	1	7	6	1
qwen	62	1	8	7	1
qwen	63	1	1	0	1
qwen	63	1	2	1	1
qwen	63	1	3	2	1
qwen	63	1	4	3	1
qwen	63	1	5	4	1
qwen	63	1	6	5	1
qwen	63	1	7	6	0
qwen	63	1	8	7	1
qwen	63	1	9	8	0
qwen	63	1	10	9	0
qwen	63	1	11	10	1
qwen	63	1	12	11	1
qwen	63	1	13	12	1
qwen	63	1	14	13	0
qwen	63	1	15	14	0
qwen	63	1	16	15	1
qwen	64	1	1	0	1
qwen	64	1	2	1	0
qwen	64	1	3	2	1
qwen	64	1	4	3	1
qwen	64	1	5	4	1
qwen	64	1	6	5	1
qwen	64	1	7	6	0
qwen	65	1	1	0	1
qwen	65	1	2	1	1
qwen	65	1	3	2	1
qwen	65	1	4	3	1
qwen	65	1	5	4	1
qwen	65	1	6	5	1
qwen	65	1	7	6	0
qwen	66	1	1	0	0
qwen	66	1	2	1	1
qwen	66	1	3	2	0
qwen	66	1	4	3	1
qwen	66	1	5	4	1
qwen	66	1	6	5	1
qwen	66	1	7	6	1
qwen	66	1	8	7	1
qwen	66	1	9	8	0
qwen	66	1	10	9	1
qwen	67	1	1	0	1
qwen	67	1	2	1	1
qwen	67	1	3	2	1
qwen	67	1	4	3	0
qwen	67	1	5	4	1
qwen	67	1	6	5	1
qwen	67	1	7	6	0
qwen	67	1	8	7	1
qwen	67	1	9	8	1
qwen	67	1	10	9	1
qwen	67	1	11	10	1
qwen	67	1	12	11	1
qwen	67	1	13	12	0
qwen	67	1	14	13	1
qwen	67	1	15	14	1
qwen	68	1	1	0	1
qwen	68	1	2	1	1
qwen	68	1	3	2	1
qwen	68	1	4	3	0
qwen	68	1	5	4	1
qwen	68	1	6	5	0
qwen	68	1	7	6	0
qwen	68	1	8	7	1
qwen	68	1	9	8	1
qwen	68	1	10	9	1
qwen	68	1	11	10	1
qwen	68	1	12	11	0
qwen	68	1	13	12	0
qwen	68	1	14	13	1
qwen	68	1	15	14	1
qwen	69	1	1	0	1
qwen	69	1	2	1	0
qwen	69	1	3	2	1
qwen	69	1	4	3	0
qwen	69	1	5	4	1
qwen	69	1	6	5	0
qwen	69	1	7	6	0
qwen	69	1	8	7	1
qwen	70	1	1	0	1
qwen	70	1	2	1	1
qwen	70	1	3	2	1
qwen	70	1	4	3	1
qwen	70	1	5	4	0
qwen	70	1	6	5	1
qwen	70	1	7	6	0
qwen	70	1	8	7	0
qwen	70	1	9	8	0
qwen	70	1	10	9	0
qwen	70	1	11	10	0
qwen	70	1	12	11	0
qwen	70	1	13	12	1
qwen	70	1	14	13	0
qwen	71	1	1	0	1
qwen	71	1	2	1	1
qwen	71	1	3	2	1
qwen	71	1	4	3	1
qwen	71	1	5	4	1
qwen	71	1	6	5	1
qwen	71	1	7	6	0
qwen	71	1	8	7	0
qwen	71	1	9	8	1
qwen	71	1	10	9	1
qwen	71	1	11	10	1
qwen	71	1	12	11	0
qwen	71	1	13	12	1
qwen	71	1	14	13	0
qwen	71	1	15	14	0
qwen	72	1	1	0	1
qwen	72	1	2	1	1
qwen	72	1	3	2	1
qwen	72	1	4	3	0
qwen	72	1	5	4	1
qwen	72	1	6	5	0
qwen	72	1	7	6	0
qwen	72	1	8	7	0
qwen	72	1	9	8	1
qwen	72	1	10	9	1
qwen	72	1	11	10	1
qwen	72	1	12	11	0
qwen	72	1	13	12	0
qwen	72	1	14	13	0
qwen	72	1	15	14	0
qwen	72	1	16	15	1
qwen	73	1	1	0	0
qwen	73	1	2	1	0
qwen	73	1	3	2	0
qwen	73	1	4	3	1
qwen	73	1	5	4	1
qwen	73	1	6	5	1
qwen	73	1	7	6	1
qwen	74	1	1	0	1
qwen	74	1	2	1	1
qwen	74	1	3	2	1
qwen	74	1	4	3	1
qwen	74	1	5	4	1
qwen	74	1	6	5	1
qwen	74	1	7	6	1
qwen	74	1	8	7	1
qwen	74	1	9	8	1
qwen	74	1	10	9	1
qwen	74	1	11	10	1
qwen	74	1	12	11	1
qwen	74	1	13	12	1
qwen	74	1	14	13	1
qwen	74	1	15	14	1
qwen	74	1	16	15	0
qwen	74	1	17	16	1
qwen	74	1	18	17	0
qwen	74	1	19	18	0
qwen	74	1	20	19	0
qwen	75	1	1	0	1
qwen	75	1	2	1	0
qwen	75	1	3	2	1
qwen	75	1	4	3	1
qwen	75	1	5	4	1
qwen	75	1	6	5	1
qwen	75	1	7	6	0
qwen	75	1	8	7	1
qwen	75	1	9	8	0
qwen	75	1	10	9	0
qwen	75	1	11	10	1
qwen	75	1	12	11	1
qwen	75	1	13	12	1
qwen	75	1	14	13	0
qwen	75	1	15	14	1
qwen	76	1	1	0	1
qwen	76	1	2	1	1
qwen	76	1	3	2	0
qwen	76	1	4	3	1
qwen	76	1	5	4	1
qwen	76	1	6	5	1
qwen	76	1	7	6	1
qwen	76	1	8	7	1
qwen	76	1	9	8	1
qwen	76	1	10	9	1
qwen	76	1	11	10	1
qwen	76	1	12	11	0
qwen	76	1	13	12	0
qwen	76	1	14	13	0
qwen	76	1	15	14	0
qwen	76	1	16	15	1
qwen	76	1	17	16	0
qwen	76	1	18	17	1
qwen	76	1	19	18	0
qwen	76	1	20	19	0
qwen	77	1	1	0	1
qwen	77	1	2	1	1
qwen	77	1	3	2	1
qwen	77	1	4	3	1
qwen	77	1	5	4	1
qwen	77	1	6	5	1
qwen	77	1	7	6	1
qwen	77	1	8	7	1
qwen	77	1	9	8	1
qwen	77	1	10	9	1
qwen	77	1	11	10	1
qwen	77	1	12	11	0
qwen	77	1	13	12	1
qwen	77	1	14	13	1
qwen	77	1	15	14	1
qwen	77	1	16	15	1
qwen	78	1	1	0	1
qwen	78	1	2	1	1
qwen	78	1	3	2	1
qwen	78	1	4	3	1
qwen	78	1	5	4	0
qwen	78	1	6	5	1
qwen	78	1	7	6	1
qwen	78	1	8	7	1
qwen	78	1	9	8	1
qwen	78	1	10	9	1
qwen	78	1	11	10	1
qwen	78	1	12	11	1
qwen	78	1	13	12	1
qwen	78	1	14	13	0
qwen	78	1	15	14	0
qwen	78	1	16	15	1
qwen	78	1	17	16	1
qwen	78	1	18	17	1
qwen	78	1	19	18	1
qwen	78	1	20	19	1
qwen	79	1	1	0	1
qwen	79	1	2	1	1
qwen	79	1	3	2	1
qwen	79	1	4	3	0
qwen	79	1	5	4	1
qwen	79	1	6	5	1
qwen	79	1	7	6	1
qwen	79	1	8	7	1
qwen	79	1	9	8	1
qwen	79	1	10	9	1
qwen	79	1	11	10	1
qwen	79	1	12	11	1
qwen	79	1	13	12	1
qwen	79	1	14	13	0
qwen	79	1	15	14	0
qwen	79	1	16	15	0
qwen	79	1	17	16	0
qwen	79	1	18	17	1
qwen	79	1	19	18	0
qwen	79	1	20	19	0
qwen	80	1	1	0	1
qwen	80	1	2	1	1
qwen	80	1	3	2	0
qwen	80	1	4	3	1
qwen	80	1	5	4	1
qwen	80	1	6	5	1
qwen	80	1	7	6	1
qwen	81	1	1	0	1
qwen	81	1	2	1	1
qwen	81	1	3	2	1
qwen	81	1	4	3	1
qwen	81	1	5	4	1
qwen	81	1	6	5	1
qwen	81	1	7	6	1
qwen	81	1	8	7	1
qwen	81	1	9	8	1
qwen	81	1	10	9	1
qwen	81	1	11	10	0
qwen	81	1	12	11	1
qwen	81	1	13	12	1
qwen	81	1	14	13	0
qwen	81	1	15	14	1
qwen	81	1	16	15	1
qwen	81	1	17	16	1
qwen	81	1	18	17	1
qwen	81	1	19	18	1
qwen	81	1	20	19	1
qwen	82	1	1	0	0
qwen	82	1	2	1	0
qwen	82	1	3	2	0
qwen	82	1	4	3	0
qwen	82	1	5	4	1
qwen	82	1	6	5	0
qwen	82	1	7	6	1
qwen	82	1	8	7	0
qwen	83	1	1	0	0
qwen	83	1	2	1	0
qwen	83	1	3	2	1
qwen	83	1	4	3	1
qwen	83	1	5	4	1
qwen	83	1	6	5	0
qwen	83	1	7	6	1
qwen	84	1	1	0	0
qwen	84	1	2	1	1
qwen	84	1	3	2	0
qwen	84	1	4	3	1
qwen	84	1	5	4	1
qwen	84	1	6	5	1
qwen	84	1	7	6	0
qwen	84	1	8	7	1
qwen	84	1	9	8	1
qwen	84	1	10	9	0
qwen	85	1	1	0	1
qwen	85	1	2	1	1
qwen	85	1	3	2	1
qwen	85	1	4	3	1
qwen	85	1	5	4	1
qwen	85	1	6	5	1
qwen	85	1	7	6	1
qwen	85	1	8	7	1
qwen	85	1	9	8	1
qwen	85	1	10	9	1
qwen	85	1	11	10	0
qwen	85	1	12	11	0
qwen	85	1	13	12	1
qwen	85	1	14	13	0
qwen	85	1	15	14	0
qwen	85	1	16	15	0
qwen	85	1	17	16	0
qwen	85	1	18	17	0
qwen	86	1	1	0	1
qwen	86	1	2	1	1
qwen	86	1	3	2	1
qwen	86	1	4	3	1
qwen	86	1	5	4	1
qwen	86	1	6	5	1
qwen	86	1	7	6	1
qwen	86	1	8	7	0
qwen	86	1	9	8	1
qwen	86	1	10	9	0
qwen	86	1	11	10	0
qwen	86	1	12	11	1
qwen	86	1	13	12	1
qwen	86	1	14	13	1
qwen	86	1	15	14	0
qwen	86	1	16	15	1
qwen	86	1	17	16	1
qwen	87	1	1	0	1
qwen	87	1	2	1	1
qwen	87	1	3	2	0
qwen	87	1	4	3	0
qwen	87	1	5	4	1
qwen	87	1	6	5	0
qwen	88	1	1	0	1
qwen	88	1	2	1	1
qwen	88	1	3	2	1
qwen	88	1	4	3	1
qwen	88	1	5	4	1
qwen	88	1	6	5	1
qwen	88	1	7	6	1
qwen	88	1	8	7	1
qwen	88	1	9	8	1
qwen	88	1	10	9	1
qwen	88	1	11	10	1
qwen	88	1	12	11	1
qwen	88	1	13	12	1
qwen	88	1	14	13	0
qwen	88	1	15	14	0
qwen	88	1	16	15	0
qwen	88	1	17	16	0
qwen	88	1	18	17	0
qwen	88	1	19	18	0
qwen	88	1	20	19	1
qwen	89	1	1	0	0
qwen	89	1	2	1	1
qwen	89	1	3	2	0
qwen	89	1	4	3	0
qwen	89	1	5	4	1
qwen	89	1	6	5	0
qwen	89	1	7	6	0
qwen	89	1	8	7	0
qwen	90	1	1	0	0
qwen	90	1	2	1	1
qwen	90	1	3	2	1
qwen	90	1	4	3	1
qwen	90	1	5	4	1
qwen	90	1	6	5	1
qwen	90	1	7	6	1
qwen	90	1	8	7	1
qwen	90	1	9	8	1
qwen	90	1	10	9	1
qwen	90	1	11	10	1
qwen	90	1	12	11	1
qwen	90	1	13	12	0
qwen	90	1	14	13	1
qwen	90	1	15	14	0
qwen	90	1	16	15	0
qwen	90	1	17	16	0
qwen	90	1	18	17	0
qwen	90	1	19	18	1
qwen	90	1	20	19	1
qwen	91	1	1	0	1
qwen	91	1	2	1	0
qwen	91	1	3	2	1
qwen	91	1	4	3	1
qwen	91	1	5	4	1
qwen	91	1	6	5	1
qwen	91	1	7	6	1
qwen	91	1	8	7	1
qwen	91	1	9	8	1
qwen	91	1	10	9	1
qwen	91	1	11	10	1
qwen	91	1	12	11	1
qwen	91	1	13	12	0
qwen	91	1	14	13	0
qwen	91	1	15	14	0
qwen	91	1	16	15	0
qwen	91	1	17	16	0
qwen	91	1	18	17	0
qwen	91	1	19	18	1
qwen	92	1	1	0	1
qwen	92	1	2	1	1
qwen	92	1	3	2	1
qwen	92	1	4	3	1
qwen	92	1	5	4	1
qwen	92	1	6	5	1
qwen	92	1	7	6	1
qwen	92	1	8	7	1
qwen	92	1	9	8	1
qwen	92	1	10	9	0
qwen	92	1	11	10	1
qwen	92	1	12	11	0
qwen	92	1	13	12	1
qwen	92	1	14	13	1
qwen	92	1	15	14	1
qwen	92	1	16	15	0
qwen	93	1	1	0	1
qwen	93	1	2	1	1
qwen	93	1	3	2	1
qwen	93	1	4	3	1
qwen	93	1	5	4	1
qwen	93	1	6	5	1
qwen	93	1	7	6	0
qwen	93	1	8	7	1
qwen	93	1	9	8	1
qwen	93	1	10	9	0
qwen	93	1	11	10	1
qwen	93	1	12	11	1
qwen	93	1	13	12	1
qwen	93	1	14	13	1
qwen	93	1	15	14	0
qwen	93	1	16	15	1
qwen	93	1	17	16	1
qwen	93	1	18	17	1
qwen	93	1	19	18	0
qwen	94	1	1	0	1
qwen	94	1	2	1	0
qwen	94	1	3	2	1
qwen	94	1	4	3	1
qwen	94	1	5	4	1
qwen	94	1	6	5	0
qwen	94	1	7	6	0
qwen	94	1	8	7	0
qwen	94	1	9	8	1
qwen	94	1	10	9	1
qwen	94	1	11	10	1
qwen	94	1	12	11	0
qwen	94	1	13	12	1
qwen	94	1	14	13	0
qwen	94	1	15	14	1
qwen	95	1	1	0	1
qwen	95	1	2	1	1
qwen	95	1	3	2	1
qwen	95	1	4	3	1
qwen	95	1	5	4	1
qwen	95	1	6	5	1
qwen	95	1	7	6	1
qwen	95	1	8	7	1
qwen	95	1	9	8	0
qwen	95	1	10	9	0
qwen	95	1	11	10	1
qwen	95	1	12	11	0
qwen	95	1	13	12	1
qwen	95	1	14	13	1
qwen	95	1	15	14	1
qwen	96	1	1	0	1
qwen	96	1	2	1	0
qwen	96	1	3	2	1
qwen	96	1	4	3	1
qwen	96	1	5	4	1
qwen	96	1	6	5	1
qwen	96	1	7	6	0
qwen	96	1	8	7	0
qwen	96	1	9	8	1
qwen	96	1	10	9	1
qwen	96	1	11	10	1
qwen	96	1	12	11	1
qwen	96	1	13	12	0
qwen	96	1	14	13	1
qwen	96	1	15	14	0
qwen	96	1	16	15	1
qwen	97	1	1	0	1
qwen	97	1	2	1	1
qwen	97	1	3	2	1
qwen	97	1	4	3	1
qwen	97	1	5	4	1
qwen	97	1	6	5	1
qwen	97	1	7	6	1
qwen	97	1	8	7	1
qwen	97	1	9	8	0
qwen	97	1	10	9	0
qwen	97	1	11	10	1
qwen	97	1	12	11	0
qwen	97	1	13	12	1
qwen	97	1	14	13	0
qwen	97	1	15	14	0
qwen	97	1	16	15	0
qwen	98	1	1	0	0
qwen	98	1	2	1	1
qwen	98	1	3	2	0
qwen	98	1	4	3	1
qwen	98	1	5	4	0
qwen	98	1	6	5	1
qwen	98	1	7	6	0
qwen	98	1	8	7	0
qwen	98	1	9	8	0
qwen	98	1	10	9	0
qwen	98	1	11	10	1
qwen	98	1	12	11	1
qwen	98	1	13	12	1
qwen	98	1	14	13	1
qwen	98	1	15	14	0
qwen	99	1	1	0	1
qwen	99	1	2	1	1
qwen	99	1	3	2	1
qwen	99	1	4	3	1
qwen	99	1	5	4	1
qwen	99	1	6	5	1
qwen	99	1	7	6	1
qwen	99	1	8	7	1
qwen	99	1	9	8	1
qwen	99	1	10	9	0
qwen	99	1	11	10	1
qwen	99	1	12	11	0
qwen	99	1	13	12	0
qwen	99	1	14	13	1
qwen	99	1	15	14	1
qwen	99	1	16	15	0
qwen	99	1	17	16	0
qwen	99	1	18	17	1
qwen	99	1	19	18	0
qwen	100	1	1	0	0
qwen	100	1	2	1	1
qwen	100	1	3	2	0
qwen	100	1	4	3	1
qwen	100	1	5	4	1
qwen	100	1	6	5	1
qwen	100	1	7	6	1
qwen	100	1	8	7	1
qwen	100	1	9	8	1
qwen	100	1	10	9	1
qwen	100	1	11	10	0
qwen	100	1	12	11	1
qwen	100	1	13	12	1
qwen	100	1	14	13	1
qwen	100	1	15	14	0
qwen	100	1	16	15	0
qwen	100	1	17	16	1
qwen	100	1	18	17	0
qwen	100	1	19	18	1
qwen	100	1	20	19	0
qwen	101	1	1	0	1
qwen	101	1	2	1	1
qwen	101	1	3	2	1
qwen	101	1	4	3	0
qwen	101	1	5	4	0
qwen	101	1	6	5	1
qwen	101	1	7	6	1
qwen	101	1	8	7	1
qwen	101	1	9	8	1
qwen	101	1	10	9	1
qwen	102	1	1	0	1
qwen	102	1	2	1	0
qwen	102	1	3	2	0
qwen	102	1	4	3	1
qwen	102	1	5	4	0
qwen	102	1	6	5	0
qwen	102	1	7	6	0
qwen	102	1	8	7	0
qwen	102	1	9	8	1
qwen	102	1	10	9	1
qwen	102	1	11	10	0
qwen	103	1	1	0	0
qwen	103	1	2	1	0
qwen	103	1	3	2	1
qwen	103	1	4	3	1
qwen	103	1	5	4	1
qwen	103	1	6	5	0
qwen	103	1	7	6	1
qwen	103	1	8	7	1
qwen	103	1	9	8	0
qwen	103	1	10	9	1
qwen	103	1	11	10	0
qwen	103	1	12	11	1
qwen	103	1	13	12	0
qwen	103	1	14	13	0
qwen	103	1	15	14	0
qwen	103	1	16	15	0
qwen	103	1	17	16	1
qwen	103	1	18	17	1
qwen	103	1	19	18	0
qwen	103	1	20	19	1
qwen	104	1	1	0	1
qwen	104	1	2	1	1
qwen	104	1	3	2	0
qwen	104	1	4	3	0
qwen	104	1	5	4	0
qwen	104	1	6	5	1
qwen	104	1	7	6	0
qwen	104	1	8	7	0
qwen	104	1	9	8	1
qwen	104	1	10	9	0
qwen	104	1	11	10	1
qwen	104	1	12	11	0
qwen	105	1	1	0	1
qwen	105	1	2	1	1
qwen	105	1	3	2	0
qwen	105	1	4	3	1
qwen	105	1	5	4	0
qwen	105	1	6	5	1
qwen	105	1	7	6	0
qwen	105	1	8	7	0
qwen	105	1	9	8	1
qwen	105	1	10	9	0
qwen	105	1	11	10	0
qwen	105	1	12	11	1
qwen	106	1	1	0	1
qwen	106	1	2	1	1
qwen	106	1	3	2	1
qwen	106	1	4	3	1
qwen	106	1	5	4	1
qwen	106	1	6	5	0
qwen	106	1	7	6	1
qwen	106	1	8	7	0
qwen	106	1	9	8	1
qwen	106	1	10	9	1
qwen	106	1	11	10	1
qwen	107	1	1	0	0
qwen	107	1	2	1	0
qwen	107	1	3	2	0
qwen	107	1	4	3	0
qwen	107	1	5	4	1
qwen	107	1	6	5	1
qwen	107	1	7	6	1
qwen	107	1	8	7	1
qwen	107	1	9	8	1
qwen	107	1	10	9	0
qwen	107	1	11	10	0
qwen	108	1	1	0	1
qwen	108	1	2	1	0
qwen	108	1	3	2	0
qwen	108	1	4	3	0
qwen	108	1	5	4	1
qwen	108	1	6	5	1
qwen	108	1	7	6	0
qwen	108	1	8	7	1
qwen	108	1	9	8	1
qwen	108	1	10	9	0
qwen	108	1	11	10	1
qwen	108	1	12	11	0
qwen	108	1	13	12	0
qwen	108	1	14	13	0
qwen	108	1	15	14	0
qwen	108	1	16	15	1
qwen	108	1	17	16	0
qwen	109	1	1	0	0
qwen	109	1	2	1	0
qwen	109	1	3	2	0
qwen	109	1	4	3	0
qwen	109	1	5	4	1
qwen	109	1	6	5	0
qwen	109	1	7	6	1
qwen	109	1	8	7	1
qwen	109	1	9	8	1
qwen	109	1	10	9	0
qwen	109	1	11	10	0
qwen	109	1	12	11	1
qwen	109	1	13	12	1
qwen	109	1	14	13	0
qwen	109	1	15	14	0
qwen	109	1	16	15	1
qwen	109	1	17	16	0
qwen	109	1	18	17	1
qwen	109	1	19	18	0
